{
"freq": 8.528e+08,
"start_time": 1580218942,
"stop_time": 1580218953,
"emergency": 0,
"talkgroup": 58111,
"srcList": [ {"src": 6854067, "time": 1580218942, "pos": 0.000000}, {"src": 6854024, "time": 1580218948, "pos": 2.160000} ],
"freqList": [ { "freq": 852537500.000000, "time": 1580218942, "pos": 0.000000, "len": 0.000000, "error_count": 0.000000, "spike_count": 0.000000}, { "freq": 852800000.000000, "time": 1580218948, "pos": 2.160000, "len": 18032.000000, "error_count": 0.000000, "spike_count": 0.000000} ]
}
