{
"freq": 8.52538e+08,
"start_time": 1580218888,
"stop_time": 1580218897,
"emergency": 0,
"talkgroup": 58111,
"srcList": [ {"src": 6854079, "time": 1580218888, "pos": 0.000000} ],
"freqList": [ { "freq": 852537500.000000, "time": 1580218888, "pos": 0.000000, "len": 16608.000000, "error_count": 0.000000, "spike_count": 0.000000} ]
}
