{
"freq": 8.52262e+08,
"start_time": 1580218998,
"stop_time": 1580219011,
"emergency": 0,
"talkgroup": 58915,
"srcList": [ {"src": 6817104, "time": 1580218998, "pos": 0.000000}, {"src": 6800014, "time": 1580219002, "pos": 2.160000} ],
"freqList": [ { "freq": 852112500.000000, "time": 1580218998, "pos": 0.000000, "len": 0.000000, "error_count": 0.000000, "spike_count": 0.000000}, { "freq": 852262500.000000, "time": 1580219002, "pos": 2.160000, "len": 14608.000000, "error_count": 90.000000, "spike_count": 6.000000} ]
}
