{
"freq": 8.528e+08,
"start_time": 1580218896,
"stop_time": 1580218920,
"emergency": 0,
"talkgroup": 58915,
"srcList": [ {"src": 6817118, "time": 1580218896, "pos": 0.000000}, {"src": 6800014, "time": 1580218897, "pos": 0.000000}, {"src": 6817118, "time": 1580218904, "pos": 4.608000}, {"src": 6800014, "time": 1580218909, "pos": 8.172000} ],
"freqList": [ { "freq": 852800000.000000, "time": 1580218896, "pos": 0.000000, "len": 106064.000000, "error_count": 225.000000, "spike_count": 15.000000} ]
}
