{
"freq": 8.52112e+08,
"start_time": 1580218918,
"stop_time": 1580218931,
"emergency": 0,
"talkgroup": 58917,
"srcList": [ {"src": 6800005, "time": 1580218918, "pos": 0.000000}, {"src": 6813175, "time": 1580218920, "pos": 1.440000}, {"src": 6800005, "time": 1580218922, "pos": 2.484000} ],
"freqList": [ { "freq": 852112500.000000, "time": 1580218918, "pos": 0.000000, "len": 69104.000000, "error_count": 90.000000, "spike_count": 21.000000} ]
}
