{
"freq": 8.52612e+08,
"start_time": 1580218990,
"stop_time": 1580218999,
"emergency": 0,
"talkgroup": 58910,
"srcList": [ {"src": 6800011, "time": 1580218990, "pos": 0.000000} ],
"freqList": [ { "freq": 852612500.000000, "time": 1580218990, "pos": 0.000000, "len": 18880.000000, "error_count": 0.000000, "spike_count": 0.000000} ]
}
