{
"freq": 8.51212e+08,
"start_time": 1580218931,
"stop_time": 1580218943,
"emergency": 0,
"talkgroup": 58918,
"srcList": [ {"src": 6815115, "time": 1580218931, "pos": 0.000000}, {"src": 6800006, "time": 1580218935, "pos": 2.628000} ],
"freqList": [ { "freq": 851212500.000000, "time": 1580218931, "pos": 0.000000, "len": 35248.000000, "error_count": 86.000000, "spike_count": 19.000000} ]
}
