{
"freq": 8.52538e+08,
"start_time": 1580218989,
"stop_time": 1580219010,
"emergency": 0,
"talkgroup": 58914,
"srcList": [ {"src": 6800009, "time": 1580218989, "pos": 0.000000}, {"src": 6814082, "time": 1580218992, "pos": 1.980000}, {"src": 6800009, "time": 1580219001, "pos": 8.136000} ],
"freqList": [ { "freq": 852537500.000000, "time": 1580218989, "pos": 0.000000, "len": 89744.000000, "error_count": 135.000000, "spike_count": 9.000000} ]
}
