{
"freq": 8.51212e+08,
"start_time": 1580218983,
"stop_time": 1580218989,
"emergency": 0,
"talkgroup": 58914,
"srcList": [ {"src": 6814082, "time": 1580218983, "pos": 0.000000} ],
"freqList": [ { "freq": 851212500.000000, "time": 1580218983, "pos": 0.000000, "len": 17968.000000, "error_count": 14.000000, "spike_count": 6.000000} ]
}
