{
"freq": 8.52262e+08,
"start_time": 1580219149,
"stop_time": 1580219158,
"emergency": 0,
"talkgroup": 2059,
"srcList": [ {"src": 4177119, "time": 1580219149, "pos": 0.000000} ],
"freqList": [ { "freq": 852262500.000000, "time": 1580219149, "pos": 0.000000, "len": 21792.000000, "error_count": 0.000000, "spike_count": 0.000000} ]
}
