{
"freq": 8.52262e+08,
"start_time": 1580219856,
"stop_time": 1580219878,
"emergency": 0,
"talkgroup": 58013,
"srcList": [ {"src": 6813148, "time": 1580219856, "pos": 0.000000}, {"src": 6813107, "time": 1580219860, "pos": 2.160000}, {"src": 6813148, "time": 1580219865, "pos": 5.292000}, {"src": 6813107, "time": 1580219869, "pos": 8.208000} ],
"freqList": [ { "freq": 852262500.000000, "time": 1580219856, "pos": 0.000000, "len": 82912.000000, "error_count": 0.000000, "spike_count": 0.000000} ]
}
