{
"freq": 8.52112e+08,
"start_time": 1580219843,
"stop_time": 1580219855,
"emergency": 0,
"talkgroup": 58013,
"srcList": [ {"src": 6813121, "time": 1580219843, "pos": 0.000000}, {"src": 6813107, "time": 1580219846, "pos": 1.728000} ],
"freqList": [ { "freq": 852112500.000000, "time": 1580219843, "pos": 0.000000, "len": 30256.000000, "error_count": 1.000000, "spike_count": 1.000000} ]
}
