{
"freq": 8.52612e+08,
"start_time": 1580219074,
"stop_time": 1580219081,
"emergency": 0,
"talkgroup": 58013,
"srcList": [ {"src": 6800015, "time": 1580219074, "pos": 0.000000} ],
"freqList": [ { "freq": 852612500.000000, "time": 1580219074, "pos": 0.000000, "len": 5024.000000, "error_count": 90.000000, "spike_count": 6.000000} ]
}
