{
"freq": 8.52538e+08,
"start_time": 1580219017,
"stop_time": 1580219027,
"emergency": 0,
"talkgroup": 58025,
"srcList": [ {"src": 6853096, "time": 1580219017, "pos": 0.000000} ],
"freqList": [ { "freq": 852537500.000000, "time": 1580219017, "pos": 0.000000, "len": 20752.000000, "error_count": 0.000000, "spike_count": 0.000000} ]
}
