{
"freq": 8.5235e+08,
"start_time": 1580219005,
"stop_time": 1580219016,
"emergency": 0,
"talkgroup": 58025,
"srcList": [ {"src": 6853096, "time": 1580219005, "pos": 0.000000} ],
"freqList": [ { "freq": 852350000.000000, "time": 1580219005, "pos": 0.000000, "len": 21856.000000, "error_count": 41.000000, "spike_count": 6.000000} ]
}
