{
"freq": 8.5175e+08,
"start_time": 1580219014,
"stop_time": 1580219023,
"emergency": 0,
"talkgroup": 58022,
"srcList": [ {"src": 6853135, "time": 1580219014, "pos": 0.000000} ],
"freqList": [ { "freq": 851750000.000000, "time": 1580219014, "pos": 0.000000, "len": 12464.000000, "error_count": 0.000000, "spike_count": 0.000000} ]
}
