{
"freq": 8.52112e+08,
"start_time": 1580221290,
"stop_time": 1580221311,
"emergency": 0,
"talkgroup": 58102,
"srcList": [ {"src": 6874022, "time": 1580221290, "pos": 0.000000} ],
"freqList": [ { "freq": 851212500.000000, "time": 1580221290, "pos": 0.000000, "len": 0.000000, "error_count": 0.000000, "spike_count": 0.000000}, { "freq": 852112500.000000, "time": 1580221299, "pos": 3.240000, "len": 31568.000000, "error_count": 46.000000, "spike_count": 10.000000} ]
}
