{
"freq": 8.52538e+08,
"start_time": 1580221086,
"stop_time": 1580221098,
"emergency": 0,
"talkgroup": 58111,
"srcList": [ {"src": 6854016, "time": 1580221086, "pos": 0.000000} ],
"freqList": [ { "freq": 852537500.000000, "time": 1580221086, "pos": 0.000000, "len": 39728.000000, "error_count": 0.000000, "spike_count": 0.000000} ]
}
