{
"freq": 8.51212e+08,
"start_time": 1580219695,
"stop_time": 1580219715,
"emergency": 0,
"talkgroup": 58111,
"srcList": [ {"src": 6854067, "time": 1580219695, "pos": 0.000000}, {"src": 6854050, "time": 1580219698, "pos": 1.440000}, {"src": 6854067, "time": 1580219701, "pos": 3.168000}, {"src": 6854050, "time": 1580219706, "pos": 6.264000} ],
"freqList": [ { "freq": 851212500.000000, "time": 1580219695, "pos": 0.000000, "len": 102208.000000, "error_count": 349.000000, "spike_count": 43.000000} ]
}
