{
"freq": 8.52825e+08,
"start_time": 1580220399,
"stop_time": 1580220415,
"emergency": 0,
"talkgroup": 58111,
"srcList": [ {"src": 6854032, "time": 1580220399, "pos": 0.000000} ],
"freqList": [ { "freq": 852825000.000000, "time": 1580220399, "pos": 0.000000, "len": 65440.000000, "error_count": 0.000000, "spike_count": 0.000000} ]
}
