{
"freq": 8.52262e+08,
"start_time": 1580220389,
"stop_time": 1580220399,
"emergency": 0,
"talkgroup": 58111,
"srcList": [ {"src": 6854032, "time": 1580220389, "pos": 0.000000}, {"src": 6854024, "time": 1580220394, "pos": 2.700000} ],
"freqList": [ { "freq": 852262500.000000, "time": 1580220389, "pos": 0.000000, "len": 42864.000000, "error_count": 0.000000, "spike_count": 0.000000} ]
}
