{
"freq": 8.528e+08,
"start_time": 1580220208,
"stop_time": 1580220220,
"emergency": 0,
"talkgroup": 58111,
"srcList": [ {"src": 6854050, "time": 1580220208, "pos": 0.000000}, {"src": 6854067, "time": 1580220213, "pos": 2.520000} ],
"freqList": [ { "freq": 852537500.000000, "time": 1580220208, "pos": 0.000000, "len": 0.000000, "error_count": 0.000000, "spike_count": 0.000000}, { "freq": 852800000.000000, "time": 1580220213, "pos": 2.520000, "len": 28784.000000, "error_count": 0.000000, "spike_count": 0.000000} ]
}
