{
"freq": 8.52262e+08,
"start_time": 1580219994,
"stop_time": 1580220003,
"emergency": 0,
"talkgroup": 58111,
"srcList": [ {"src": 6854024, "time": 1580219994, "pos": 0.000000} ],
"freqList": [ { "freq": 852262500.000000, "time": 1580219994, "pos": 0.000000, "len": 13824.000000, "error_count": 0.000000, "spike_count": 0.000000} ]
}
