{
"freq": 8.52538e+08,
"start_time": 1580220012,
"stop_time": 1580220020,
"emergency": 0,
"talkgroup": 58111,
"srcList": [ {"src": 6854024, "time": 1580220012, "pos": 0.000000} ],
"freqList": [ { "freq": 852537500.000000, "time": 1580220012, "pos": 0.000000, "len": 9616.000000, "error_count": 0.000000, "spike_count": 0.000000} ]
}
