{
"freq": 8.5235e+08,
"start_time": 1580220004,
"stop_time": 1580220012,
"emergency": 0,
"talkgroup": 58111,
"srcList": [ {"src": 6854032, "time": 1580220004, "pos": 0.000000} ],
"freqList": [ { "freq": 852350000.000000, "time": 1580220004, "pos": 0.000000, "len": 35648.000000, "error_count": 21.000000, "spike_count": 4.000000} ]
}
