{
"freq": 8.52262e+08,
"start_time": 1580220220,
"stop_time": 1580220243,
"emergency": 0,
"talkgroup": 58111,
"srcList": [ {"src": 6854031, "time": 1580220220, "pos": 0.000000}, {"src": 6854067, "time": 1580220226, "pos": 3.888000}, {"src": 6854031, "time": 1580220234, "pos": 9.396000} ],
"freqList": [ { "freq": 852262500.000000, "time": 1580220220, "pos": 0.000000, "len": 103472.000000, "error_count": 0.000000, "spike_count": 0.000000} ]
}
