{
"freq": 8.531e+08,
"start_time": 1580221054,
"stop_time": 1580221062,
"emergency": 0,
"talkgroup": 58111,
"srcList": [ {"src": 6854024, "time": 1580221054, "pos": 0.000000} ],
"freqList": [ { "freq": 853100000.000000, "time": 1580221054, "pos": 0.000000, "len": 19264.000000, "error_count": 0.000000, "spike_count": 0.000000} ]
}
