{
"freq": 8.5175e+08,
"start_time": 1580219971,
"stop_time": 1580219992,
"emergency": 0,
"talkgroup": 58111,
"srcList": [ {"src": 6854032, "time": 1580219971, "pos": 0.000000}, {"src": 6854016, "time": 1580219983, "pos": 7.452000} ],
"freqList": [ { "freq": 851750000.000000, "time": 1580219971, "pos": 0.000000, "len": 98448.000000, "error_count": 0.000000, "spike_count": 0.000000} ]
}
