{
"freq": 8.528e+08,
"start_time": 1580219423,
"stop_time": 1580219441,
"emergency": 0,
"talkgroup": 58111,
"srcList": [ {"src": 6854016, "time": 1580219423, "pos": 0.000000}, {"src": 6854032, "time": 1580219429, "pos": 3.564000} ],
"freqList": [ { "freq": 852800000.000000, "time": 1580219423, "pos": 0.000000, "len": 75984.000000, "error_count": 0.000000, "spike_count": 0.000000} ]
}
