{
"freq": 8.52825e+08,
"start_time": 1580218977,
"stop_time": 1580218986,
"emergency": 0,
"talkgroup": 58111,
"srcList": [ {"src": 6854024, "time": 1580218977, "pos": 0.000000} ],
"freqList": [ { "freq": 852825000.000000, "time": 1580218977, "pos": 0.000000, "len": 12400.000000, "error_count": 0.000000, "spike_count": 0.000000} ]
}
