{
"freq": 8.52825e+08,
"start_time": 1580219689,
"stop_time": 1580219695,
"emergency": 0,
"talkgroup": 58111,
"srcList": [ {"src": 6854050, "time": 1580219689, "pos": 0.000000} ],
"freqList": [ { "freq": 852825000.000000, "time": 1580219689, "pos": 0.000000, "len": 15248.000000, "error_count": 0.000000, "spike_count": 0.000000} ]
}
