{
"freq": 8.5235e+08,
"start_time": 1580220378,
"stop_time": 1580220387,
"emergency": 0,
"talkgroup": 58111,
"srcList": [ {"src": 6854024, "time": 1580220378, "pos": 0.000000} ],
"freqList": [ { "freq": 852350000.000000, "time": 1580220378, "pos": 0.000000, "len": 16608.000000, "error_count": 20.000000, "spike_count": 4.000000} ]
}
