{
"freq": 8.5235e+08,
"start_time": 1580219400,
"stop_time": 1580219423,
"emergency": 0,
"talkgroup": 58111,
"srcList": [ {"src": 6854016, "time": 1580219400, "pos": 0.000000}, {"src": 6854032, "time": 1580219409, "pos": 3.960000} ],
"freqList": [ { "freq": 851212500.000000, "time": 1580219400, "pos": 0.000000, "len": 0.000000, "error_count": 0.000000, "spike_count": 0.000000}, { "freq": 852350000.000000, "time": 1580219409, "pos": 3.960000, "len": 75088.000000, "error_count": 48.000000, "spike_count": 13.000000} ]
}
