{
"freq": 8.52262e+08,
"start_time": 1580221062,
"stop_time": 1580221071,
"emergency": 0,
"talkgroup": 58111,
"srcList": [ {"src": 6854030, "time": 1580221062, "pos": 0.000000} ],
"freqList": [ { "freq": 852262500.000000, "time": 1580221062, "pos": 0.000000, "len": 9616.000000, "error_count": 2.000000, "spike_count": 0.000000} ]
}
