{
"freq": 8.52262e+08,
"start_time": 1580220589,
"stop_time": 1580220602,
"emergency": 0,
"talkgroup": 58111,
"srcList": [ {"src": 6854032, "time": 1580220589, "pos": 0.000000} ],
"freqList": [ { "freq": 852262500.000000, "time": 1580220589, "pos": 0.000000, "len": 42384.000000, "error_count": 0.000000, "spike_count": 0.000000} ]
}
