{
"freq": 8.52262e+08,
"start_time": 1580220196,
"stop_time": 1580220208,
"emergency": 0,
"talkgroup": 58111,
"srcList": [ {"src": 6854067, "time": 1580220196, "pos": 0.000000} ],
"freqList": [ { "freq": 852262500.000000, "time": 1580220196, "pos": 0.000000, "len": 70816.000000, "error_count": 30.000000, "spike_count": 3.000000} ]
}
