{
"freq": 8.531e+08,
"start_time": 1580220826,
"stop_time": 1580220850,
"emergency": 0,
"talkgroup": 58155,
"srcList": [ {"src": 6816023, "time": 1580220826, "pos": 0.000000}, {"src": 6816034, "time": 1580220831, "pos": 1.980000} ],
"freqList": [ { "freq": 852537500.000000, "time": 1580220826, "pos": 0.000000, "len": 0.000000, "error_count": 0.000000, "spike_count": 0.000000}, { "freq": 853100000.000000, "time": 1580220831, "pos": 1.980000, "len": 103648.000000, "error_count": 0.000000, "spike_count": 0.000000} ]
}
