{
"freq": 8.52112e+08,
"start_time": 1580219678,
"stop_time": 1580219690,
"emergency": 0,
"talkgroup": 58155,
"srcList": [ {"src": 6816063, "time": 1580219678, "pos": 0.000000}, {"src": 6816034, "time": 1580219680, "pos": 1.368000} ],
"freqList": [ { "freq": 852112500.000000, "time": 1580219678, "pos": 0.000000, "len": 31232.000000, "error_count": 16.000000, "spike_count": 2.000000} ]
}
