{
"freq": 8.528e+08,
"start_time": 1580220607,
"stop_time": 1580220613,
"emergency": 0,
"talkgroup": 58155,
"srcList": [ {"src": 6816055, "time": 1580220607, "pos": 0.000000} ],
"freqList": [ { "freq": 852800000.000000, "time": 1580220607, "pos": 0.000000, "len": 16544.000000, "error_count": 0.000000, "spike_count": 0.000000} ]
}
