{
"freq": 8.52825e+08,
"start_time": 1580220130,
"stop_time": 1580220146,
"emergency": 0,
"talkgroup": 58155,
"srcList": [ {"src": 6816055, "time": 1580220130, "pos": 0.000000}, {"src": 6816063, "time": 1580220137, "pos": 4.104000} ],
"freqList": [ { "freq": 853100000.000000, "time": 1580220130, "pos": 0.000000, "len": 0.000000, "error_count": 0.000000, "spike_count": 0.000000}, { "freq": 852825000.000000, "time": 1580220137, "pos": 4.104000, "len": 11040.000000, "error_count": 0.000000, "spike_count": 0.000000} ]
}
