{
"freq": 8.5175e+08,
"start_time": 1580220888,
"stop_time": 1580220907,
"emergency": 0,
"talkgroup": 58155,
"srcList": [ {"src": 6816056, "time": 1580220888, "pos": 0.000000}, {"src": 6816063, "time": 1580220892, "pos": 1.800000}, {"src": 6816056, "time": 1580220895, "pos": 2.880000} ],
"freqList": [ { "freq": 851750000.000000, "time": 1580220888, "pos": 0.000000, "len": 85776.000000, "error_count": 0.000000, "spike_count": 0.000000} ]
}
