{
"freq": 8.528e+08,
"start_time": 1580220907,
"stop_time": 1580220916,
"emergency": 0,
"talkgroup": 58155,
"srcList": [ {"src": 6816063, "time": 1580220907, "pos": 0.000000} ],
"freqList": [ { "freq": 852800000.000000, "time": 1580220907, "pos": 0.000000, "len": 11104.000000, "error_count": 0.000000, "spike_count": 0.000000} ]
}
