{
"freq": 8.52112e+08,
"start_time": 1580220850,
"stop_time": 1580220869,
"emergency": 0,
"talkgroup": 58155,
"srcList": [ {"src": 6816023, "time": 1580220850, "pos": 0.000000}, {"src": 6816034, "time": 1580220861, "pos": 7.020000} ],
"freqList": [ { "freq": 852112500.000000, "time": 1580220850, "pos": 0.000000, "len": 80960.000000, "error_count": 32.000000, "spike_count": 18.000000} ]
}
