{
"freq": 8.52262e+08,
"start_time": 1580219239,
"stop_time": 1580219260,
"emergency": 0,
"talkgroup": 58155,
"srcList": [ {"src": 6816055, "time": 1580219239, "pos": 0.000000}, {"src": 6816063, "time": 1580219243, "pos": 1.980000}, {"src": 6816055, "time": 1580219246, "pos": 3.060000}, {"src": 6816063, "time": 1580219251, "pos": 5.760000} ],
"freqList": [ { "freq": 852262500.000000, "time": 1580219239, "pos": 0.000000, "len": 65328.000000, "error_count": 0.000000, "spike_count": 0.000000} ]
}
