{
"freq": 8.52262e+08,
"start_time": 1580219609,
"stop_time": 1580219624,
"emergency": 0,
"talkgroup": 58155,
"srcList": [ {"src": 6816063, "time": 1580219609, "pos": 0.000000}, {"src": 6816056, "time": 1580219617, "pos": 3.060000} ],
"freqList": [ { "freq": 851750000.000000, "time": 1580219609, "pos": 0.000000, "len": 0.000000, "error_count": 0.000000, "spike_count": 0.000000}, { "freq": 852262500.000000, "time": 1580219617, "pos": 3.060000, "len": 27552.000000, "error_count": 0.000000, "spike_count": 0.000000} ]
}
