{
"freq": 8.528e+08,
"start_time": 1580219581,
"stop_time": 1580219593,
"emergency": 0,
"talkgroup": 58155,
"srcList": [ {"src": 6816056, "time": 1580219581, "pos": 0.000000} ],
"freqList": [ { "freq": 852800000.000000, "time": 1580219581, "pos": 0.000000, "len": 38304.000000, "error_count": 0.000000, "spike_count": 0.000000} ]
}
