{
"freq": 8.52825e+08,
"start_time": 1580219624,
"stop_time": 1580219637,
"emergency": 0,
"talkgroup": 58155,
"srcList": [ {"src": 6816063, "time": 1580219624, "pos": 0.000000}, {"src": 6816056, "time": 1580219629, "pos": 3.204000} ],
"freqList": [ { "freq": 852825000.000000, "time": 1580219624, "pos": 0.000000, "len": 40672.000000, "error_count": 0.000000, "spike_count": 0.000000} ]
}
