{
"freq": 8.531e+08,
"start_time": 1580219866,
"stop_time": 1580219884,
"emergency": 0,
"talkgroup": 58155,
"srcList": [ {"src": 6816063, "time": 1580219866, "pos": 0.000000}, {"src": 6816051, "time": 1580219869, "pos": 1.080000}, {"src": 6816063, "time": 1580219875, "pos": 5.076000} ],
"freqList": [ { "freq": 853100000.000000, "time": 1580219866, "pos": 0.000000, "len": 57152.000000, "error_count": 0.000000, "spike_count": 0.000000} ]
}
