{
"freq": 8.52612e+08,
"start_time": 1580219671,
"stop_time": 1580219678,
"emergency": 0,
"talkgroup": 58155,
"srcList": [ {"src": 6816034, "time": 1580219671, "pos": 0.000000} ],
"freqList": [ { "freq": 852612500.000000, "time": 1580219671, "pos": 0.000000, "len": 32864.000000, "error_count": 0.000000, "spike_count": 0.000000} ]
}
