{
"freq": 8.52538e+08,
"start_time": 1580220681,
"stop_time": 1580220689,
"emergency": 0,
"talkgroup": 58155,
"srcList": [ {"src": 6816063, "time": 1580220681, "pos": 0.000000} ],
"freqList": [ { "freq": 852537500.000000, "time": 1580220681, "pos": 0.000000, "len": 11296.000000, "error_count": 0.000000, "spike_count": 0.000000} ]
}
