{
"freq": 8.52112e+08,
"start_time": 1580220613,
"stop_time": 1580220622,
"emergency": 0,
"talkgroup": 58155,
"srcList": [ {"src": 6816063, "time": 1580220613, "pos": 0.000000} ],
"freqList": [ { "freq": 852112500.000000, "time": 1580220613, "pos": 0.000000, "len": 15248.000000, "error_count": 15.000000, "spike_count": 7.000000} ]
}
