{
"freq": 8.51212e+08,
"start_time": 1580220238,
"stop_time": 1580220252,
"emergency": 0,
"talkgroup": 58155,
"srcList": [ {"src": 6816046, "time": 1580220238, "pos": 0.000000}, {"src": 6816063, "time": 1580220242, "pos": 2.340000} ],
"freqList": [ { "freq": 851212500.000000, "time": 1580220238, "pos": 0.000000, "len": 58160.000000, "error_count": 205.000000, "spike_count": 24.000000} ]
}
