{
"freq": 8.52538e+08,
"start_time": 1580219692,
"stop_time": 1580219705,
"emergency": 0,
"talkgroup": 58155,
"srcList": [ {"src": 6816063, "time": 1580219692, "pos": 0.000000}, {"src": 6816034, "time": 1580219696, "pos": 2.376000} ],
"freqList": [ { "freq": 852537500.000000, "time": 1580219692, "pos": 0.000000, "len": 29152.000000, "error_count": 0.000000, "spike_count": 0.000000} ]
}
