{
"freq": 8.531e+08,
"start_time": 1580219599,
"stop_time": 1580219609,
"emergency": 0,
"talkgroup": 58155,
"srcList": [ {"src": 6816063, "time": 1580219599, "pos": 0.000000}, {"src": 6816055, "time": 1580219604, "pos": 2.880000} ],
"freqList": [ { "freq": 853100000.000000, "time": 1580219599, "pos": 0.000000, "len": 41248.000000, "error_count": 0.000000, "spike_count": 0.000000} ]
}
