{
"freq": 8.52112e+08,
"start_time": 1580221164,
"stop_time": 1580221177,
"emergency": 0,
"talkgroup": 58155,
"srcList": [ {"src": 6816055, "time": 1580221164, "pos": 0.000000}, {"src": 6816063, "time": 1580221169, "pos": 2.340000} ],
"freqList": [ { "freq": 852112500.000000, "time": 1580221164, "pos": 0.000000, "len": 31408.000000, "error_count": 59.000000, "spike_count": 14.000000} ]
}
