{
"freq": 8.52825e+08,
"start_time": 1580219657,
"stop_time": 1580219669,
"emergency": 0,
"talkgroup": 58155,
"srcList": [ {"src": 6816063, "time": 1580219657, "pos": 0.000000}, {"src": 6816034, "time": 1580219661, "pos": 1.620000} ],
"freqList": [ { "freq": 852825000.000000, "time": 1580219657, "pos": 0.000000, "len": 24608.000000, "error_count": 0.000000, "spike_count": 0.000000} ]
}
