{
"freq": 8.5175e+08,
"start_time": 1580219637,
"stop_time": 1580219646,
"emergency": 0,
"talkgroup": 58155,
"srcList": [ {"src": 6816034, "time": 1580219637, "pos": 0.000000} ],
"freqList": [ { "freq": 851750000.000000, "time": 1580219637, "pos": 0.000000, "len": 11296.000000, "error_count": 0.000000, "spike_count": 0.000000} ]
}
