{
"freq": 8.531e+08,
"start_time": 1580219917,
"stop_time": 1580219927,
"emergency": 0,
"talkgroup": 58174,
"srcList": [ {"src": 6827079, "time": 1580219917, "pos": 0.000000} ],
"freqList": [ { "freq": 853100000.000000, "time": 1580219917, "pos": 0.000000, "len": 26000.000000, "error_count": 0.000000, "spike_count": 0.000000} ]
}
