{
"freq": 8.5175e+08,
"start_time": 1580219420,
"stop_time": 1580219442,
"emergency": 0,
"talkgroup": 58208,
"srcList": [ {"src": 6818028, "time": 1580219420, "pos": 0.000000}, {"src": 6818065, "time": 1580219424, "pos": 1.944000}, {"src": 6818028, "time": 1580219426, "pos": 3.240000}, {"src": 6818065, "time": 1580219433, "pos": 7.992000} ],
"freqList": [ { "freq": 851750000.000000, "time": 1580219420, "pos": 0.000000, "len": 81424.000000, "error_count": 0.000000, "spike_count": 0.000000} ]
}
