{
"freq": 8.52538e+08,
"start_time": 1580220074,
"stop_time": 1580220088,
"emergency": 0,
"talkgroup": 58208,
"srcList": [ {"src": 6818028, "time": 1580220074, "pos": 0.000000}, {"src": 6818065, "time": 1580220079, "pos": 2.700000} ],
"freqList": [ { "freq": 852537500.000000, "time": 1580220074, "pos": 0.000000, "len": 36272.000000, "error_count": 2.000000, "spike_count": 2.000000} ]
}
