{
"freq": 8.52612e+08,
"start_time": 1580220881,
"stop_time": 1580220894,
"emergency": 0,
"talkgroup": 58219,
"srcList": [ {"src": 6858047, "time": 1580220881, "pos": 0.000000} ],
"freqList": [ { "freq": 852612500.000000, "time": 1580220881, "pos": 0.000000, "len": 40960.000000, "error_count": 0.000000, "spike_count": 0.000000} ]
}
