{
"freq": 8.52112e+08,
"start_time": 1580220743,
"stop_time": 1580220755,
"emergency": 0,
"talkgroup": 58219,
"srcList": [ {"src": 6858047, "time": 1580220743, "pos": 0.000000} ],
"freqList": [ { "freq": 852112500.000000, "time": 1580220743, "pos": 0.000000, "len": 73600.000000, "error_count": 23.000000, "spike_count": 18.000000} ]
}
