{
"freq": 8.52825e+08,
"start_time": 1580220755,
"stop_time": 1580220765,
"emergency": 0,
"talkgroup": 58219,
"srcList": [ {"src": 6858025, "time": 1580220755, "pos": 0.000000} ],
"freqList": [ { "freq": 852825000.000000, "time": 1580220755, "pos": 0.000000, "len": 19328.000000, "error_count": 0.000000, "spike_count": 0.000000} ]
}
