{
"freq": 8.51212e+08,
"start_time": 1580221033,
"stop_time": 1580221043,
"emergency": 0,
"talkgroup": 58219,
"srcList": [ {"src": 6858047, "time": 1580221033, "pos": 0.000000} ],
"freqList": [ { "freq": 851212500.000000, "time": 1580221033, "pos": 0.000000, "len": 16608.000000, "error_count": 25.000000, "spike_count": 7.000000} ]
}
