{
"freq": 8.51212e+08,
"start_time": 1580220961,
"stop_time": 1580220975,
"emergency": 0,
"talkgroup": 58219,
"srcList": [ {"src": 6858047, "time": 1580220961, "pos": 0.000000} ],
"freqList": [ { "freq": 851212500.000000, "time": 1580220961, "pos": 0.000000, "len": 52032.000000, "error_count": 82.000000, "spike_count": 24.000000} ]
}
