{
"freq": 8.5235e+08,
"start_time": 1580219730,
"stop_time": 1580219745,
"emergency": 0,
"talkgroup": 58219,
"srcList": [ {"src": 6858047, "time": 1580219730, "pos": 0.000000}, {"src": 6858008, "time": 1580219736, "pos": 3.240000} ],
"freqList": [ { "freq": 852350000.000000, "time": 1580219730, "pos": 0.000000, "len": 40016.000000, "error_count": 175.000000, "spike_count": 12.000000} ]
}
