{
"freq": 8.52538e+08,
"start_time": 1580221273,
"stop_time": 1580221285,
"emergency": 0,
"talkgroup": 58219,
"srcList": [ {"src": 6858047, "time": 1580221273, "pos": 0.000000} ],
"freqList": [ { "freq": 852537500.000000, "time": 1580221273, "pos": 0.000000, "len": 31504.000000, "error_count": 0.000000, "spike_count": 0.000000} ]
}
