{
"freq": 8.5235e+08,
"start_time": 1580219835,
"stop_time": 1580219851,
"emergency": 0,
"talkgroup": 58219,
"srcList": [ {"src": 6858047, "time": 1580219835, "pos": 0.000000}, {"src": 6858025, "time": 1580219841, "pos": 3.780000} ],
"freqList": [ { "freq": 852350000.000000, "time": 1580219835, "pos": 0.000000, "len": 51152.000000, "error_count": 34.000000, "spike_count": 6.000000} ]
}
