{
"freq": 8.52538e+08,
"start_time": 1580219491,
"stop_time": 1580219501,
"emergency": 0,
"talkgroup": 58265,
"srcList": [ {"src": 6819150, "time": 1580219491, "pos": 0.000000} ],
"freqList": [ { "freq": 852537500.000000, "time": 1580219491, "pos": 0.000000, "len": 17840.000000, "error_count": 0.000000, "spike_count": 0.000000} ]
}
