{
"freq": 8.51212e+08,
"start_time": 1580219620,
"stop_time": 1580219633,
"emergency": 0,
"talkgroup": 58265,
"srcList": [ {"src": 6819148, "time": 1580219620, "pos": 0.000000}, {"src": 6819150, "time": 1580219624, "pos": 1.260000} ],
"freqList": [ { "freq": 851212500.000000, "time": 1580219620, "pos": 0.000000, "len": 25248.000000, "error_count": 36.000000, "spike_count": 7.000000} ]
}
