{
"freq": 8.5175e+08,
"start_time": 1580220221,
"stop_time": 1580220232,
"emergency": 0,
"talkgroup": 58265,
"srcList": [ {"src": 6819076, "time": 1580220221, "pos": 0.000000} ],
"freqList": [ { "freq": 851750000.000000, "time": 1580220221, "pos": 0.000000, "len": 26128.000000, "error_count": 0.000000, "spike_count": 0.000000} ]
}
