{
"freq": 8.528e+08,
"start_time": 1580219867,
"stop_time": 1580219879,
"emergency": 0,
"talkgroup": 58265,
"srcList": [ {"src": 6819125, "time": 1580219867, "pos": 0.000000}, {"src": 6819150, "time": 1580219870, "pos": 1.728000} ],
"freqList": [ { "freq": 852800000.000000, "time": 1580219867, "pos": 0.000000, "len": 29408.000000, "error_count": 0.000000, "spike_count": 0.000000} ]
}
