{
"freq": 8.531e+08,
"start_time": 1580220911,
"stop_time": 1580220921,
"emergency": 0,
"talkgroup": 58265,
"srcList": [ {"src": 6819150, "time": 1580220911, "pos": 0.000000} ],
"freqList": [ { "freq": 853100000.000000, "time": 1580220911, "pos": 0.000000, "len": 13760.000000, "error_count": 0.000000, "spike_count": 0.000000} ]
}
