{
"freq": 8.528e+08,
"start_time": 1580220390,
"stop_time": 1580220399,
"emergency": 0,
"talkgroup": 58265,
"srcList": [ {"src": 6819150, "time": 1580220390, "pos": 0.000000} ],
"freqList": [ { "freq": 852800000.000000, "time": 1580220390, "pos": 0.000000, "len": 13760.000000, "error_count": 0.000000, "spike_count": 0.000000} ]
}
