{
"freq": 8.52612e+08,
"start_time": 1580219195,
"stop_time": 1580219208,
"emergency": 0,
"talkgroup": 58265,
"srcList": [ {"src": 6819132, "time": 1580219195, "pos": 0.000000}, {"src": 6819150, "time": 1580219199, "pos": 1.800000} ],
"freqList": [ { "freq": 852612500.000000, "time": 1580219195, "pos": 0.000000, "len": 32256.000000, "error_count": 78.000000, "spike_count": 6.000000} ]
}
