{
"freq": 8.52612e+08,
"start_time": 1580220213,
"stop_time": 1580220221,
"emergency": 0,
"talkgroup": 58265,
"srcList": [ {"src": 6819150, "time": 1580220213, "pos": 0.000000} ],
"freqList": [ { "freq": 852612500.000000, "time": 1580220213, "pos": 0.000000, "len": 13952.000000, "error_count": 2.000000, "spike_count": 1.000000} ]
}
