{
"freq": 8.52112e+08,
"start_time": 1580220383,
"stop_time": 1580220390,
"emergency": 0,
"talkgroup": 58265,
"srcList": [ {"src": 6819130, "time": 1580220383, "pos": 0.000000} ],
"freqList": [ { "freq": 852112500.000000, "time": 1580220383, "pos": 0.000000, "len": 24832.000000, "error_count": 23.000000, "spike_count": 5.000000} ]
}
