{
"freq": 8.52112e+08,
"start_time": 1580221117,
"stop_time": 1580221131,
"emergency": 0,
"talkgroup": 58265,
"srcList": [ {"src": 6819211, "time": 1580221117, "pos": 0.000000}, {"src": 6819150, "time": 1580221122, "pos": 3.420000} ],
"freqList": [ { "freq": 852112500.000000, "time": 1580221117, "pos": 0.000000, "len": 41184.000000, "error_count": 161.000000, "spike_count": 25.000000} ]
}
