{
"freq": 8.5235e+08,
"start_time": 1580220288,
"stop_time": 1580220305,
"emergency": 0,
"talkgroup": 58265,
"srcList": [ {"src": 6819101, "time": 1580220288, "pos": 0.000000}, {"src": 6819150, "time": 1580220295, "pos": 2.340000} ],
"freqList": [ { "freq": 851750000.000000, "time": 1580220288, "pos": 0.000000, "len": 0.000000, "error_count": 0.000000, "spike_count": 0.000000}, { "freq": 852350000.000000, "time": 1580220295, "pos": 2.340000, "len": 17968.000000, "error_count": 21.000000, "spike_count": 2.000000} ]
}
