{
"freq": 8.52112e+08,
"start_time": 1580219473,
"stop_time": 1580219491,
"emergency": 0,
"talkgroup": 58265,
"srcList": [ {"src": 6819141, "time": 1580219473, "pos": 0.000000}, {"src": 6819150, "time": 1580219478, "pos": 3.996000}, {"src": 6819141, "time": 1580219481, "pos": 5.760000} ],
"freqList": [ { "freq": 852262500.000000, "time": 1580219473, "pos": 0.000000, "len": 0.000000, "error_count": 0.000000, "spike_count": 0.000000}, { "freq": 852112500.000000, "time": 1580219478, "pos": 3.996000, "len": 61792.000000, "error_count": 41.000000, "spike_count": 13.000000} ]
}
