{
"freq": 8.51212e+08,
"start_time": 1580220896,
"stop_time": 1580220911,
"emergency": 0,
"talkgroup": 58265,
"srcList": [ {"src": 6819124, "time": 1580220896, "pos": 0.000000}, {"src": 6819150, "time": 1580220902, "pos": 1.800000}, {"src": 6819124, "time": 1580220905, "pos": 3.240000} ],
"freqList": [ { "freq": 852350000.000000, "time": 1580220896, "pos": 0.000000, "len": 0.000000, "error_count": 0.000000, "spike_count": 0.000000}, { "freq": 851212500.000000, "time": 1580220902, "pos": 1.800000, "len": 46368.000000, "error_count": 51.000000, "spike_count": 20.000000} ]
}
