{
"freq": 8.52612e+08,
"start_time": 1580221324,
"stop_time": 1580221337,
"emergency": 0,
"talkgroup": 58265,
"srcList": [ {"src": 6819131, "time": 1580221324, "pos": 0.000000}, {"src": 6819150, "time": 1580221328, "pos": 2.340000} ],
"freqList": [ { "freq": 852612500.000000, "time": 1580221324, "pos": 0.000000, "len": 32704.000000, "error_count": 0.000000, "spike_count": 0.000000} ]
}
