{
"freq": 8.52262e+08,
"start_time": 1580220692,
"stop_time": 1580220706,
"emergency": 0,
"talkgroup": 58265,
"srcList": [ {"src": 6819141, "time": 1580220692, "pos": 0.000000}, {"src": 6819150, "time": 1580220697, "pos": 3.060000} ],
"freqList": [ { "freq": 852262500.000000, "time": 1580220692, "pos": 0.000000, "len": 44352.000000, "error_count": 0.000000, "spike_count": 0.000000} ]
}
