{
"freq": 8.51212e+08,
"start_time": 1580219961,
"stop_time": 1580219975,
"emergency": 0,
"talkgroup": 58265,
"srcList": [ {"src": 6819147, "time": 1580219961, "pos": 0.000000}, {"src": 6819150, "time": 1580219964, "pos": 1.728000}, {"src": 6819147, "time": 1580219966, "pos": 3.060000} ],
"freqList": [ { "freq": 851212500.000000, "time": 1580219961, "pos": 0.000000, "len": 42976.000000, "error_count": 119.000000, "spike_count": 21.000000} ]
}
