{
"freq": 8.5175e+08,
"start_time": 1580220207,
"stop_time": 1580220213,
"emergency": 0,
"talkgroup": 58265,
"srcList": [ {"src": 6819147, "time": 1580220207, "pos": 0.000000} ],
"freqList": [ { "freq": 851750000.000000, "time": 1580220207, "pos": 0.000000, "len": 12528.000000, "error_count": 0.000000, "spike_count": 0.000000} ]
}
