{
"freq": 8.52825e+08,
"start_time": 1580221031,
"stop_time": 1580221044,
"emergency": 0,
"talkgroup": 58265,
"srcList": [ {"src": 6819184, "time": 1580221031, "pos": 0.000000}, {"src": 6819150, "time": 1580221035, "pos": 2.160000} ],
"freqList": [ { "freq": 852825000.000000, "time": 1580221031, "pos": 0.000000, "len": 33408.000000, "error_count": 0.000000, "spike_count": 0.000000} ]
}
