{
"freq": 8.52825e+08,
"start_time": 1580220556,
"stop_time": 1580220567,
"emergency": 0,
"talkgroup": 58274,
"srcList": [ {"src": 6859142, "time": 1580220556, "pos": 0.000000} ],
"freqList": [ { "freq": 852825000.000000, "time": 1580220556, "pos": 0.000000, "len": 23344.000000, "error_count": 0.000000, "spike_count": 0.000000} ]
}
