{
"freq": 8.52538e+08,
"start_time": 1580219241,
"stop_time": 1580219249,
"emergency": 0,
"talkgroup": 58274,
"srcList": [ {"src": 6859104, "time": 1580219241, "pos": 0.000000} ],
"freqList": [ { "freq": 852537500.000000, "time": 1580219241, "pos": 0.000000, "len": 5600.000000, "error_count": 0.000000, "spike_count": 0.000000} ]
}
