{
"freq": 8.52112e+08,
"start_time": 1580219650,
"stop_time": 1580219665,
"emergency": 0,
"talkgroup": 58274,
"srcList": [ {"src": 6859142, "time": 1580219650, "pos": 0.000000} ],
"freqList": [ { "freq": 852112500.000000, "time": 1580219650, "pos": 0.000000, "len": 58768.000000, "error_count": 32.000000, "spike_count": 14.000000} ]
}
