{
"freq": 8.51212e+08,
"start_time": 1580219302,
"stop_time": 1580219322,
"emergency": 0,
"talkgroup": 58274,
"srcList": [ {"src": 6859149, "time": 1580219302, "pos": 0.000000}, {"src": 6859065, "time": 1580219307, "pos": 3.996000}, {"src": 6859149, "time": 1580219312, "pos": 7.560000} ],
"freqList": [ { "freq": 852112500.000000, "time": 1580219302, "pos": 0.000000, "len": 0.000000, "error_count": 0.000000, "spike_count": 0.000000}, { "freq": 851212500.000000, "time": 1580219312, "pos": 7.560000, "len": 22112.000000, "error_count": 8.000000, "spike_count": 6.000000} ]
}
