{
"freq": 8.52825e+08,
"start_time": 1580219005,
"stop_time": 1580219016,
"emergency": 0,
"talkgroup": 58272,
"srcList": [ {"src": 6879002, "time": 1580219005, "pos": 0.000000}, {"src": 6879012, "time": 1580219010, "pos": 1.980000} ],
"freqList": [ { "freq": 853100000.000000, "time": 1580219005, "pos": 0.000000, "len": 0.000000, "error_count": 0.000000, "spike_count": 0.000000}, { "freq": 852825000.000000, "time": 1580219009, "pos": 1.980000, "len": 16544.000000, "error_count": 0.000000, "spike_count": 0.000000} ]
}
