{
"freq": 8.52825e+08,
"start_time": 1580219583,
"stop_time": 1580219611,
"emergency": 0,
"talkgroup": 58277,
"srcList": [ {"src": 6889032, "time": 1580219583, "pos": 0.000000}, {"src": 6889014, "time": 1580219585, "pos": 1.260000}, {"src": 6889041, "time": 1580219602, "pos": 12.168000} ],
"freqList": [ { "freq": 852825000.000000, "time": 1580219583, "pos": 0.000000, "len": 143440.000000, "error_count": 0.000000, "spike_count": 0.000000} ]
}
