{
"freq": 8.5235e+08,
"start_time": 1580219561,
"stop_time": 1580219578,
"emergency": 0,
"talkgroup": 58277,
"srcList": [ {"src": 6889014, "time": 1580219561, "pos": 0.000000}, {"src": 6889032, "time": 1580219570, "pos": 2.160000} ],
"freqList": [ { "freq": 851750000.000000, "time": 1580219561, "pos": 0.000000, "len": 0.000000, "error_count": 0.000000, "spike_count": 0.000000}, { "freq": 852350000.000000, "time": 1580219570, "pos": 2.160000, "len": 8448.000000, "error_count": 3.000000, "spike_count": 0.000000} ]
}
