{
"freq": 8.5175e+08,
"start_time": 1580221013,
"stop_time": 1580221022,
"emergency": 0,
"talkgroup": 58277,
"srcList": [ {"src": 6889008, "time": 1580221013, "pos": 0.000000} ],
"freqList": [ { "freq": 851750000.000000, "time": 1580221013, "pos": 0.000000, "len": 13888.000000, "error_count": 0.000000, "spike_count": 0.000000} ]
}
