{
"freq": 8.52825e+08,
"start_time": 1580221283,
"stop_time": 1580221305,
"emergency": 0,
"talkgroup": 58274,
"srcList": [ {"src": 6859110, "time": 1580221283, "pos": 0.000000}, {"src": 6859142, "time": 1580221291, "pos": 5.184000} ],
"freqList": [ { "freq": 852825000.000000, "time": 1580221283, "pos": 0.000000, "len": 136928.000000, "error_count": 0.000000, "spike_count": 0.000000} ]
}
