{
"freq": 8.52825e+08,
"start_time": 1580219215,
"stop_time": 1580219223,
"emergency": 0,
"talkgroup": 58274,
"srcList": [ {"src": 6859104, "time": 1580219215, "pos": 0.000000} ],
"freqList": [ { "freq": 852825000.000000, "time": 1580219215, "pos": 0.000000, "len": 5600.000000, "error_count": 0.000000, "spike_count": 0.000000} ]
}
