{
"freq": 8.52112e+08,
"start_time": 1580219965,
"stop_time": 1580219976,
"emergency": 0,
"talkgroup": 58274,
"srcList": [ {"src": 6859110, "time": 1580219965, "pos": 0.000000}, {"src": 6859142, "time": 1580219970, "pos": 2.808000} ],
"freqList": [ { "freq": 852112500.000000, "time": 1580219965, "pos": 0.000000, "len": 57456.000000, "error_count": 38.000000, "spike_count": 15.000000} ]
}
