{
"freq": 8.52825e+08,
"start_time": 1580221214,
"stop_time": 1580221240,
"emergency": 0,
"talkgroup": 58274,
"srcList": [ {"src": 6859142, "time": 1580221214, "pos": 0.000000}, {"src": 6859000, "time": 1580221226, "pos": 6.300000}, {"src": 6859142, "time": 1580221230, "pos": 8.280000} ],
"freqList": [ { "freq": 852800000.000000, "time": 1580221214, "pos": 0.000000, "len": 0.000000, "error_count": 0.000000, "spike_count": 0.000000}, { "freq": 852825000.000000, "time": 1580221226, "pos": 6.300000, "len": 31920.000000, "error_count": 0.000000, "spike_count": 0.000000} ]
}
