{
"freq": 8.51212e+08,
"start_time": 1580220878,
"stop_time": 1580220890,
"emergency": 0,
"talkgroup": 58274,
"srcList": [ {"src": 6859065, "time": 1580220878, "pos": 0.000000} ],
"freqList": [ { "freq": 851212500.000000, "time": 1580220878, "pos": 0.000000, "len": 54528.000000, "error_count": 121.000000, "spike_count": 19.000000} ]
}
