{
"freq": 8.52112e+08,
"start_time": 1580220995,
"stop_time": 1580221006,
"emergency": 0,
"talkgroup": 58277,
"srcList": [ {"src": 6889037, "time": 1580220995, "pos": 0.000000} ],
"freqList": [ { "freq": 852112500.000000, "time": 1580220995, "pos": 0.000000, "len": 24704.000000, "error_count": 9.000000, "spike_count": 7.000000} ]
}
