{
"freq": 8.52262e+08,
"start_time": 1580221305,
"stop_time": 1580221321,
"emergency": 0,
"talkgroup": 58274,
"srcList": [ {"src": 6859110, "time": 1580221305, "pos": 0.000000}, {"src": 6859142, "time": 1580221314, "pos": 6.264000} ],
"freqList": [ { "freq": 852262500.000000, "time": 1580221305, "pos": 0.000000, "len": 78704.000000, "error_count": 0.000000, "spike_count": 0.000000} ]
}
