{
"freq": 8.531e+08,
"start_time": 1580220877,
"stop_time": 1580220895,
"emergency": 0,
"talkgroup": 58277,
"srcList": [ {"src": 6889024, "time": 1580220877, "pos": 0.000000}, {"src": 6889006, "time": 1580220885, "pos": 5.256000} ],
"freqList": [ { "freq": 853100000.000000, "time": 1580220877, "pos": 0.000000, "len": 70912.000000, "error_count": 0.000000, "spike_count": 0.000000} ]
}
