{
"freq": 8.5235e+08,
"start_time": 1580220611,
"stop_time": 1580220622,
"emergency": 0,
"talkgroup": 58274,
"srcList": [ {"src": 6859000, "time": 1580220611, "pos": 0.000000} ],
"freqList": [ { "freq": 852350000.000000, "time": 1580220611, "pos": 0.000000, "len": 22304.000000, "error_count": 12.000000, "spike_count": 2.000000} ]
}
