{
"freq": 8.52112e+08,
"start_time": 1580219273,
"stop_time": 1580219283,
"emergency": 0,
"talkgroup": 58274,
"srcList": [ {"src": 6859142, "time": 1580219273, "pos": 0.000000} ],
"freqList": [ { "freq": 852112500.000000, "time": 1580219273, "pos": 0.000000, "len": 26000.000000, "error_count": 4.000000, "spike_count": 1.000000} ]
}
