{
"freq": 8.52825e+08,
"start_time": 1580220345,
"stop_time": 1580220363,
"emergency": 0,
"talkgroup": 58277,
"srcList": [ {"src": 6889006, "time": 1580220345, "pos": 0.000000}, {"src": 6889014, "time": 1580220353, "pos": 1.440000} ],
"freqList": [ { "freq": 852800000.000000, "time": 1580220345, "pos": 0.000000, "len": 0.000000, "error_count": 0.000000, "spike_count": 0.000000}, { "freq": 852825000.000000, "time": 1580220353, "pos": 1.440000, "len": 26000.000000, "error_count": 0.000000, "spike_count": 0.000000} ]
}
