{
"freq": 8.5235e+08,
"start_time": 1580220929,
"stop_time": 1580220950,
"emergency": 0,
"talkgroup": 58277,
"srcList": [ {"src": 6889033, "time": 1580220929, "pos": 0.000000}, {"src": 6889032, "time": 1580220934, "pos": 2.340000}, {"src": 6889033, "time": 1580220936, "pos": 3.240000}, {"src": 6889032, "time": 1580220942, "pos": 6.696000} ],
"freqList": [ { "freq": 852350000.000000, "time": 1580220929, "pos": 0.000000, "len": 70400.000000, "error_count": 27.000000, "spike_count": 4.000000} ]
}
