{
"freq": 8.52825e+08,
"start_time": 1580220596,
"stop_time": 1580220611,
"emergency": 0,
"talkgroup": 58274,
"srcList": [ {"src": 6859110, "time": 1580220596, "pos": 0.000000} ],
"freqList": [ { "freq": 852825000.000000, "time": 1580220596, "pos": 0.000000, "len": 77616.000000, "error_count": 0.000000, "spike_count": 0.000000} ]
}
