{
"freq": 8.52538e+08,
"start_time": 1580220523,
"stop_time": 1580220538,
"emergency": 0,
"talkgroup": 58277,
"srcList": [ {"src": 6889024, "time": 1580220523, "pos": 0.000000}, {"src": 6889008, "time": 1580220529, "pos": 3.600000} ],
"freqList": [ { "freq": 852537500.000000, "time": 1580220523, "pos": 0.000000, "len": 46816.000000, "error_count": 0.000000, "spike_count": 0.000000} ]
}
