{
"freq": 8.51212e+08,
"start_time": 1580221369,
"stop_time": 1580221379,
"emergency": 0,
"talkgroup": 58274,
"srcList": [ {"src": 6859111, "time": 1580221369, "pos": 0.000000} ],
"freqList": [ { "freq": 851212500.000000, "time": 1580221369, "pos": 0.000000, "len": 18032.000000, "error_count": 20.000000, "spike_count": 8.000000} ]
}
