{
"freq": 8.52612e+08,
"start_time": 1580220989,
"stop_time": 1580220995,
"emergency": 0,
"talkgroup": 58277,
"srcList": [ {"src": 6889018, "time": 1580220989, "pos": 0.000000} ],
"freqList": [ { "freq": 852612500.000000, "time": 1580220989, "pos": 0.000000, "len": 19200.000000, "error_count": 0.000000, "spike_count": 0.000000} ]
}
