{
"freq": 8.52262e+08,
"start_time": 1580219016,
"stop_time": 1580219041,
"emergency": 0,
"talkgroup": 58272,
"srcList": [ {"src": 6879012, "time": 1580219016, "pos": 0.000000}, {"src": 6879002, "time": 1580219028, "pos": 4.500000}, {"src": 6879012, "time": 1580219031, "pos": 6.228000} ],
"freqList": [ { "freq": 852112500.000000, "time": 1580219016, "pos": 0.000000, "len": 0.000000, "error_count": 0.000000, "spike_count": 0.000000}, { "freq": 852262500.000000, "time": 1580219023, "pos": 1.440000, "len": 63760.000000, "error_count": 0.000000, "spike_count": 0.000000} ]
}
