{
"freq": 8.531e+08,
"start_time": 1580219959,
"stop_time": 1580219965,
"emergency": 0,
"talkgroup": 58274,
"srcList": [ {"src": 6859142, "time": 1580219959, "pos": 0.000000} ],
"freqList": [ { "freq": 853100000.000000, "time": 1580219959, "pos": 0.000000, "len": 31568.000000, "error_count": 0.000000, "spike_count": 0.000000} ]
}
