{
"freq": 8.52612e+08,
"start_time": 1580220858,
"stop_time": 1580220867,
"emergency": 0,
"talkgroup": 58277,
"srcList": [ {"src": 6889034, "time": 1580220858, "pos": 0.000000} ],
"freqList": [ { "freq": 852612500.000000, "time": 1580220858, "pos": 0.000000, "len": 12400.000000, "error_count": 0.000000, "spike_count": 0.000000} ]
}
