{
"freq": 8.52262e+08,
"start_time": 1580220920,
"stop_time": 1580220932,
"emergency": 0,
"talkgroup": 58274,
"srcList": [ {"src": 6859142, "time": 1580220920, "pos": 0.000000} ],
"freqList": [ { "freq": 852262500.000000, "time": 1580220920, "pos": 0.000000, "len": 31696.000000, "error_count": 0.000000, "spike_count": 0.000000} ]
}
