{
"freq": 8.52112e+08,
"start_time": 1580220581,
"stop_time": 1580220596,
"emergency": 0,
"talkgroup": 58274,
"srcList": [ {"src": 6859110, "time": 1580220581, "pos": 0.000000}, {"src": 6859000, "time": 1580220591, "pos": 6.984000} ],
"freqList": [ { "freq": 852112500.000000, "time": 1580220581, "pos": 0.000000, "len": 79072.000000, "error_count": 94.000000, "spike_count": 37.000000} ]
}
