{
"freq": 8.5175e+08,
"start_time": 1580219868,
"stop_time": 1580219878,
"emergency": 0,
"talkgroup": 58274,
"srcList": [ {"src": 6859065, "time": 1580219868, "pos": 0.000000} ],
"freqList": [ { "freq": 851750000.000000, "time": 1580219868, "pos": 0.000000, "len": 19264.000000, "error_count": 0.000000, "spike_count": 0.000000} ]
}
