{
"freq": 8.528e+08,
"start_time": 1580219501,
"stop_time": 1580219522,
"emergency": 0,
"talkgroup": 58324,
"srcList": [ {"src": 6814415, "time": 1580219501, "pos": 0.000000}, {"src": 6814414, "time": 1580219505, "pos": 1.260000}, {"src": 6814415, "time": 1580219513, "pos": 6.840000} ],
"freqList": [ { "freq": 852800000.000000, "time": 1580219501, "pos": 0.000000, "len": 79760.000000, "error_count": 0.000000, "spike_count": 0.000000} ]
}
