{
"freq": 8.51212e+08,
"start_time": 1580219490,
"stop_time": 1580219500,
"emergency": 0,
"talkgroup": 58324,
"srcList": [ {"src": 6814414, "time": 1580219490, "pos": 0.000000} ],
"freqList": [ { "freq": 851212500.000000, "time": 1580219490, "pos": 0.000000, "len": 16544.000000, "error_count": 27.000000, "spike_count": 5.000000} ]
}
