{
"freq": 8.5235e+08,
"start_time": 1580221226,
"stop_time": 1580221249,
"emergency": 0,
"talkgroup": 58361,
"srcList": [ {"src": 6822627, "time": 1580221226, "pos": 0.000000}, {"src": 6822587, "time": 1580221236, "pos": 6.480000} ],
"freqList": [ { "freq": 852350000.000000, "time": 1580221226, "pos": 0.000000, "len": 104656.000000, "error_count": 289.000000, "spike_count": 29.000000} ]
}
