{
"freq": 8.528e+08,
"start_time": 1580219295,
"stop_time": 1580219312,
"emergency": 0,
"talkgroup": 58361,
"srcList": [ {"src": 6822587, "time": 1580219295, "pos": 0.000000}, {"src": 6822673, "time": 1580219303, "pos": 5.796000} ],
"freqList": [ { "freq": 852800000.000000, "time": 1580219295, "pos": 0.000000, "len": 61712.000000, "error_count": 0.000000, "spike_count": 0.000000} ]
}
