{
"freq": 8.52262e+08,
"start_time": 1580219419,
"stop_time": 1580219429,
"emergency": 0,
"talkgroup": 58361,
"srcList": [ {"src": 6822501, "time": 1580219419, "pos": 0.000000} ],
"freqList": [ { "freq": 852262500.000000, "time": 1580219419, "pos": 0.000000, "len": 20752.000000, "error_count": 2.000000, "spike_count": 0.000000} ]
}
