{
"freq": 8.528e+08,
"start_time": 1580219666,
"stop_time": 1580219684,
"emergency": 0,
"talkgroup": 58361,
"srcList": [ {"src": 6822505, "time": 1580219666, "pos": 0.000000}, {"src": 6822587, "time": 1580219670, "pos": 1.800000}, {"src": 6822505, "time": 1580219675, "pos": 5.688000} ],
"freqList": [ { "freq": 852800000.000000, "time": 1580219666, "pos": 0.000000, "len": 65536.000000, "error_count": 0.000000, "spike_count": 0.000000} ]
}
