{
"freq": 8.52262e+08,
"start_time": 1580221207,
"stop_time": 1580221221,
"emergency": 0,
"talkgroup": 58361,
"srcList": [ {"src": 6822627, "time": 1580221207, "pos": 0.000000}, {"src": 6822587, "time": 1580221213, "pos": 2.880000}, {"src": 6822627, "time": 1580221216, "pos": 3.960000} ],
"freqList": [ { "freq": 852262500.000000, "time": 1580221207, "pos": 0.000000, "len": 57136.000000, "error_count": 0.000000, "spike_count": 0.000000} ]
}
