{
"freq": 8.5175e+08,
"start_time": 1580219363,
"stop_time": 1580219397,
"emergency": 0,
"talkgroup": 58361,
"srcList": [ {"src": 6822627, "time": 1580219363, "pos": 0.000000}, {"src": 6822587, "time": 1580219378, "pos": 11.124000} ],
"freqList": [ { "freq": 851212500.000000, "time": 1580219363, "pos": 0.000000, "len": 0.000000, "error_count": 0.000000, "spike_count": 0.000000}, { "freq": 852350000.000000, "time": 1580219378, "pos": 11.124000, "len": 0.000000, "error_count": 0.000000, "spike_count": 0.000000}, { "freq": 851750000.000000, "time": 1580219384, "pos": 13.320000, "len": 48080.000000, "error_count": 0.000000, "spike_count": 0.000000} ]
}
