{
"freq": 8.531e+08,
"start_time": 1580219483,
"stop_time": 1580219496,
"emergency": 0,
"talkgroup": 58361,
"srcList": [ {"src": 6822587, "time": 1580219483, "pos": 0.000000}, {"src": 6827912, "time": 1580219486, "pos": 0.540000} ],
"freqList": [ { "freq": 853100000.000000, "time": 1580219483, "pos": 0.000000, "len": 26016.000000, "error_count": 270.000000, "spike_count": 8.000000} ]
}
