{
"freq": 8.52825e+08,
"start_time": 1580220253,
"stop_time": 1580220274,
"emergency": 0,
"talkgroup": 58361,
"srcList": [ {"src": 6822658, "time": 1580220253, "pos": 0.000000}, {"src": 6822587, "time": 1580220257, "pos": 2.592000}, {"src": 6822658, "time": 1580220259, "pos": 3.996000}, {"src": 6822587, "time": 1580220265, "pos": 7.884000} ],
"freqList": [ { "freq": 852825000.000000, "time": 1580220253, "pos": 0.000000, "len": 79040.000000, "error_count": 0.000000, "spike_count": 0.000000} ]
}
