{
"freq": 8.5235e+08,
"start_time": 1580219881,
"stop_time": 1580219887,
"emergency": 0,
"talkgroup": 58361,
"srcList": [ {"src": 6822587, "time": 1580219881, "pos": 0.000000} ],
"freqList": [ { "freq": 852350000.000000, "time": 1580219881, "pos": 0.000000, "len": 29040.000000, "error_count": 21.000000, "spike_count": 2.000000} ]
}
