{
"freq": 8.5175e+08,
"start_time": 1580220373,
"stop_time": 1580220389,
"emergency": 0,
"talkgroup": 58361,
"srcList": [ {"src": 6822587, "time": 1580220373, "pos": 0.000000} ],
"freqList": [ { "freq": 851750000.000000, "time": 1580220373, "pos": 0.000000, "len": 72432.000000, "error_count": 0.000000, "spike_count": 0.000000} ]
}
