{
"freq": 8.52112e+08,
"start_time": 1580219347,
"stop_time": 1580219362,
"emergency": 0,
"talkgroup": 58361,
"srcList": [ {"src": 6822587, "time": 1580219347, "pos": 0.000000} ],
"freqList": [ { "freq": 852112500.000000, "time": 1580219347, "pos": 0.000000, "len": 58768.000000, "error_count": 2.000000, "spike_count": 1.000000} ]
}
