{
"freq": 8.5175e+08,
"start_time": 1580221358,
"stop_time": 1580221367,
"emergency": 0,
"talkgroup": 58361,
"srcList": [ {"src": 6822556, "time": 1580221358, "pos": 0.000000} ],
"freqList": [ { "freq": 851750000.000000, "time": 1580221358, "pos": 0.000000, "len": 9744.000000, "error_count": 0.000000, "spike_count": 0.000000} ]
}
