{
"freq": 8.51212e+08,
"start_time": 1580219280,
"stop_time": 1580219295,
"emergency": 0,
"talkgroup": 58361,
"srcList": [ {"src": 6822587, "time": 1580219280, "pos": 0.000000}, {"src": 6822673, "time": 1580219283, "pos": 1.260000} ],
"freqList": [ { "freq": 851212500.000000, "time": 1580219280, "pos": 0.000000, "len": 78944.000000, "error_count": 102.000000, "spike_count": 42.000000} ]
}
