{
"freq": 8.52612e+08,
"start_time": 1580219271,
"stop_time": 1580219280,
"emergency": 0,
"talkgroup": 58361,
"srcList": [ {"src": 6822673, "time": 1580219271, "pos": 0.000000} ],
"freqList": [ { "freq": 852612500.000000, "time": 1580219271, "pos": 0.000000, "len": 30144.000000, "error_count": 1.000000, "spike_count": 1.000000} ]
}
