{
"freq": 8.52538e+08,
"start_time": 1580221221,
"stop_time": 1580221226,
"emergency": 0,
"talkgroup": 58361,
"srcList": [ {"src": 6822587, "time": 1580221221, "pos": 0.000000} ],
"freqList": [ { "freq": 852537500.000000, "time": 1580221221, "pos": 0.000000, "len": 19328.000000, "error_count": 0.000000, "spike_count": 0.000000} ]
}
