{
"freq": 8.52262e+08,
"start_time": 1580220716,
"stop_time": 1580220725,
"emergency": 0,
"talkgroup": 58405,
"srcList": [ {"src": 6814518, "time": 1580220716, "pos": 0.000000} ],
"freqList": [ { "freq": 852262500.000000, "time": 1580220716, "pos": 0.000000, "len": 12656.000000, "error_count": 0.000000, "spike_count": 0.000000} ]
}
