{
"freq": 8.52112e+08,
"start_time": 1580220911,
"stop_time": 1580220924,
"emergency": 0,
"talkgroup": 58405,
"srcList": [ {"src": 6814518, "time": 1580220911, "pos": 0.000000}, {"src": 6814520, "time": 1580220915, "pos": 2.124000} ],
"freqList": [ { "freq": 852112500.000000, "time": 1580220911, "pos": 0.000000, "len": 29264.000000, "error_count": 45.000000, "spike_count": 7.000000} ]
}
