{
"freq": 8.5235e+08,
"start_time": 1580220725,
"stop_time": 1580220747,
"emergency": 0,
"talkgroup": 58405,
"srcList": [ {"src": 6814520, "time": 1580220725, "pos": 0.000000}, {"src": 6814518, "time": 1580220730, "pos": 0.900000}, {"src": 6814520, "time": 1580220739, "pos": 6.300000} ],
"freqList": [ { "freq": 851212500.000000, "time": 1580220725, "pos": 0.000000, "len": 0.000000, "error_count": 0.000000, "spike_count": 0.000000}, { "freq": 852350000.000000, "time": 1580220730, "pos": 0.900000, "len": 59440.000000, "error_count": 8.000000, "spike_count": 4.000000} ]
}
