{
"freq": 8.52112e+08,
"start_time": 1580221245,
"stop_time": 1580221258,
"emergency": 0,
"talkgroup": 58405,
"srcList": [ {"src": 6814518, "time": 1580221245, "pos": 0.000000}, {"src": 6814520, "time": 1580221249, "pos": 1.440000} ],
"freqList": [ { "freq": 852112500.000000, "time": 1580221245, "pos": 0.000000, "len": 26416.000000, "error_count": 57.000000, "spike_count": 10.000000} ]
}
