{
"freq": 8.5175e+08,
"start_time": 1580219103,
"stop_time": 1580219138,
"emergency": 0,
"talkgroup": 58523,
"srcList": [ {"src": 6826576, "time": 1580219103, "pos": 0.000000}, {"src": 6826528, "time": 1580219122, "pos": 12.600000}, {"src": 6826577, "time": 1580219122, "pos": 13.248000}, {"src": 6826576, "time": 1580219127, "pos": 16.164000} ],
"freqList": [ { "freq": 851750000.000000, "time": 1580219103, "pos": 0.000000, "len": 180320.000000, "error_count": 360.000000, "spike_count": 18.000000} ]
}
