{
"freq": 8.52538e+08,
"start_time": 1580219830,
"stop_time": 1580219846,
"emergency": 0,
"talkgroup": 58523,
"srcList": [ {"src": 6826595, "time": 1580219830, "pos": 0.000000}, {"src": 6826576, "time": 1580219835, "pos": 3.240000} ],
"freqList": [ { "freq": 852537500.000000, "time": 1580219830, "pos": 0.000000, "len": 53424.000000, "error_count": 0.000000, "spike_count": 0.000000} ]
}
