{
"freq": 8.52112e+08,
"start_time": 1580219392,
"stop_time": 1580219409,
"emergency": 0,
"talkgroup": 58523,
"srcList": [ {"src": 6826595, "time": 1580219392, "pos": 0.000000}, {"src": 6826576, "time": 1580219397, "pos": 2.880000} ],
"freqList": [ { "freq": 852112500.000000, "time": 1580219392, "pos": 0.000000, "len": 56400.000000, "error_count": 38.000000, "spike_count": 18.000000} ]
}
