{
"freq": 8.531e+08,
"start_time": 1580219126,
"stop_time": 1580219178,
"emergency": 0,
"talkgroup": 58909,
"srcList": [ {"src": 6800152, "time": 1580219126, "pos": 0.000000} ],
"freqList": [ { "freq": 853100000.000000, "time": 1580219126, "pos": 0.000000, "len": 343008.000000, "error_count": 0.000000, "spike_count": 0.000000} ]
}
