{
"freq": 8.52262e+08,
"start_time": 1580219498,
"stop_time": 1580219522,
"emergency": 0,
"talkgroup": 58917,
"srcList": [ {"src": 6813124, "time": 1580219498, "pos": 0.000000}, {"src": 6800005, "time": 1580219503, "pos": 2.160000}, {"src": 6813124, "time": 1580219505, "pos": 3.240000}, {"src": 6800005, "time": 1580219514, "pos": 9.180000} ],
"freqList": [ { "freq": 852262500.000000, "time": 1580219498, "pos": 0.000000, "len": 99248.000000, "error_count": 45.000000, "spike_count": 3.000000} ]
}
