{
"freq": 8.51212e+08,
"start_time": 1580219149,
"stop_time": 1580219163,
"emergency": 0,
"talkgroup": 58914,
"srcList": [ {"src": 6814082, "time": 1580219149, "pos": 0.000000}, {"src": 6800009, "time": 1580219154, "pos": 2.160000} ],
"freqList": [ { "freq": 851212500.000000, "time": 1580219149, "pos": 0.000000, "len": 39504.000000, "error_count": 92.000000, "spike_count": 21.000000} ]
}
