{
"freq": 8.51212e+08,
"start_time": 1580220484,
"stop_time": 1580220516,
"emergency": 0,
"talkgroup": 58916,
"srcList": [ {"src": 6817728, "time": 1580220484, "pos": 0.000000}, {"src": 6800002, "time": 1580220487, "pos": 1.080000}, {"src": 6817728, "time": 1580220507, "pos": 14.904000} ],
"freqList": [ { "freq": 852112500.000000, "time": 1580220484, "pos": 0.000000, "len": 0.000000, "error_count": 0.000000, "spike_count": 0.000000}, { "freq": 851212500.000000, "time": 1580220507, "pos": 14.904000, "len": 45808.000000, "error_count": 162.000000, "spike_count": 28.000000} ]
}
