{
"freq": 8.52112e+08,
"start_time": 1580219517,
"stop_time": 1580219530,
"emergency": 0,
"talkgroup": 58916,
"srcList": [ {"src": 6815618, "time": 1580219517, "pos": 0.000000}, {"src": 6800002, "time": 1580219522, "pos": 1.980000} ],
"freqList": [ { "freq": 852112500.000000, "time": 1580219517, "pos": 0.000000, "len": 27456.000000, "error_count": 51.000000, "spike_count": 6.000000} ]
}
