{
"freq": 8.5235e+08,
"start_time": 1580219223,
"stop_time": 1580219229,
"emergency": 0,
"talkgroup": 58915,
"srcList": [ {"src": 6817110, "time": 1580219223, "pos": 0.000000} ],
"freqList": [ { "freq": 852350000.000000, "time": 1580219223, "pos": 0.000000, "len": 19456.000000, "error_count": 0.000000, "spike_count": 0.000000} ]
}
