{
"freq": 8.52112e+08,
"start_time": 1580221062,
"stop_time": 1580221077,
"emergency": 0,
"talkgroup": 58916,
"srcList": [ {"src": 6817728, "time": 1580221062, "pos": 0.000000}, {"src": 6800002, "time": 1580221069, "pos": 4.752000} ],
"freqList": [ { "freq": 852112500.000000, "time": 1580221062, "pos": 0.000000, "len": 57728.000000, "error_count": 122.000000, "spike_count": 30.000000} ]
}
