{
"freq": 8.52538e+08,
"start_time": 1580219269,
"stop_time": 1580219291,
"emergency": 0,
"talkgroup": 58917,
"srcList": [ {"src": 6813256, "time": 1580219269, "pos": 0.000000}, {"src": 6800005, "time": 1580219272, "pos": 1.944000} ],
"freqList": [ { "freq": 852537500.000000, "time": 1580219269, "pos": 0.000000, "len": 108416.000000, "error_count": 104.000000, "spike_count": 16.000000} ]
}
