{
"freq": 8.528e+08,
"start_time": 1580219266,
"stop_time": 1580219281,
"emergency": 0,
"talkgroup": 58918,
"srcList": [ {"src": 6815081, "time": 1580219266, "pos": 0.000000}, {"src": 6800006, "time": 1580219268, "pos": 1.368000}, {"src": 6815026, "time": 1580219272, "pos": 2.340000} ],
"freqList": [ { "freq": 853100000.000000, "time": 1580219266, "pos": 0.000000, "len": 0.000000, "error_count": 0.000000, "spike_count": 0.000000}, { "freq": 852800000.000000, "time": 1580219272, "pos": 2.340000, "len": 11232.000000, "error_count": 0.000000, "spike_count": 0.000000} ]
}
