{
"freq": 8.52612e+08,
"start_time": 1580220504,
"stop_time": 1580220529,
"emergency": 0,
"talkgroup": 58917,
"srcList": [ {"src": 6800010, "time": 1580220504, "pos": 0.000000}, {"src": 6813254, "time": 1580220509, "pos": 3.456000}, {"src": 6800010, "time": 1580220511, "pos": 4.752000} ],
"freqList": [ { "freq": 852612500.000000, "time": 1580220504, "pos": 0.000000, "len": 167360.000000, "error_count": 92.000000, "spike_count": 7.000000} ]
}
