{
"freq": 8.52262e+08,
"start_time": 1580221260,
"stop_time": 1580221272,
"emergency": 0,
"talkgroup": 58917,
"srcList": [ {"src": 6813055, "time": 1580221260, "pos": 0.000000}, {"src": 6800005, "time": 1580221264, "pos": 1.800000} ],
"freqList": [ { "freq": 852262500.000000, "time": 1580221260, "pos": 0.000000, "len": 29680.000000, "error_count": 45.000000, "spike_count": 3.000000} ]
}
