{
"freq": 8.5175e+08,
"start_time": 1580219940,
"stop_time": 1580219952,
"emergency": 0,
"talkgroup": 58918,
"srcList": [ {"src": 6815080, "time": 1580219940, "pos": 0.000000}, {"src": 6800006, "time": 1580219943, "pos": 1.944000} ],
"freqList": [ { "freq": 851750000.000000, "time": 1580219940, "pos": 0.000000, "len": 34480.000000, "error_count": 45.000000, "spike_count": 3.000000} ]
}
