{
"freq": 8.52825e+08,
"start_time": 1580219546,
"stop_time": 1580219558,
"emergency": 0,
"talkgroup": 58918,
"srcList": [ {"src": 6815071, "time": 1580219546, "pos": 0.000000}, {"src": 6800006, "time": 1580219550, "pos": 2.916000} ],
"freqList": [ { "freq": 852825000.000000, "time": 1580219546, "pos": 0.000000, "len": 32080.000000, "error_count": 90.000000, "spike_count": 6.000000} ]
}
