{
"freq": 8.52825e+08,
"start_time": 1580221102,
"stop_time": 1580221114,
"emergency": 0,
"talkgroup": 58915,
"srcList": [ {"src": 6817115, "time": 1580221102, "pos": 0.000000}, {"src": 6800014, "time": 1580221105, "pos": 2.340000} ],
"freqList": [ { "freq": 852825000.000000, "time": 1580221102, "pos": 0.000000, "len": 31616.000000, "error_count": 45.000000, "spike_count": 3.000000} ]
}
