{
"freq": 8.5175e+08,
"start_time": 1580220811,
"stop_time": 1580220818,
"emergency": 0,
"talkgroup": 58914,
"srcList": [ {"src": 6800009, "time": 1580220811, "pos": 0.000000} ],
"freqList": [ { "freq": 851750000.000000, "time": 1580220811, "pos": 0.000000, "len": 33904.000000, "error_count": 0.000000, "spike_count": 0.000000} ]
}
