{
"freq": 8.52612e+08,
"start_time": 1580219337,
"stop_time": 1580219351,
"emergency": 0,
"talkgroup": 58917,
"srcList": [ {"src": 6800005, "time": 1580219337, "pos": 0.000000}, {"src": 6813109, "time": 1580219338, "pos": 0.900000}, {"src": 6800005, "time": 1580219343, "pos": 3.492000} ],
"freqList": [ { "freq": 852612500.000000, "time": 1580219337, "pos": 0.000000, "len": 48000.000000, "error_count": 45.000000, "spike_count": 3.000000} ]
}
