{
"freq": 8.528e+08,
"start_time": 1580219188,
"stop_time": 1580219210,
"emergency": 0,
"talkgroup": 58914,
"srcList": [ {"src": 6814093, "time": 1580219188, "pos": 0.000000}, {"src": 6800009, "time": 1580219192, "pos": 3.024000}, {"src": 6814078, "time": 1580219196, "pos": 5.832000}, {"src": 6800009, "time": 1580219201, "pos": 8.856000} ],
"freqList": [ { "freq": 852800000.000000, "time": 1580219188, "pos": 0.000000, "len": 83488.000000, "error_count": 45.000000, "spike_count": 3.000000} ]
}
