{
"freq": 8.52112e+08,
"start_time": 1580219814,
"stop_time": 1580219829,
"emergency": 0,
"talkgroup": 58916,
"srcList": [ {"src": 6800002, "time": 1580219814, "pos": 0.000000}, {"src": 6815800, "time": 1580219817, "pos": 1.260000} ],
"freqList": [ { "freq": 852112500.000000, "time": 1580219814, "pos": 0.000000, "len": 89888.000000, "error_count": 160.000000, "spike_count": 36.000000} ]
}
