{
"freq": 8.52538e+08,
"start_time": 1580220871,
"stop_time": 1580220889,
"emergency": 0,
"talkgroup": 58917,
"srcList": [ {"src": 6815609, "time": 1580220871, "pos": 0.000000}, {"src": 6800010, "time": 1580220874, "pos": 1.404000}, {"src": 6815609, "time": 1580220875, "pos": 2.592000}, {"src": 6800010, "time": 1580220880, "pos": 6.048000} ],
"freqList": [ { "freq": 852537500.000000, "time": 1580220871, "pos": 0.000000, "len": 75392.000000, "error_count": 90.000000, "spike_count": 6.000000} ]
}
