{
"freq": 8.52612e+08,
"start_time": 1580220107,
"stop_time": 1580220131,
"emergency": 0,
"talkgroup": 58910,
"srcList": [ {"src": 6822686, "time": 1580220107, "pos": 0.000000}, {"src": 6800011, "time": 1580220112, "pos": 3.348000}, {"src": 6822686, "time": 1580220115, "pos": 5.400000}, {"src": 6800011, "time": 1580220121, "pos": 9.828000} ],
"freqList": [ { "freq": 852612500.000000, "time": 1580220107, "pos": 0.000000, "len": 107408.000000, "error_count": 180.000000, "spike_count": 12.000000} ]
}
