{
"freq": 8.52262e+08,
"start_time": 1580219202,
"stop_time": 1580219213,
"emergency": 0,
"talkgroup": 58916,
"srcList": [ {"src": 6818722, "time": 1580219202, "pos": 0.000000}, {"src": 6800002, "time": 1580219205, "pos": 1.944000} ],
"freqList": [ { "freq": 852262500.000000, "time": 1580219202, "pos": 0.000000, "len": 28256.000000, "error_count": 90.000000, "spike_count": 6.000000} ]
}
