{
"freq": 8.5175e+08,
"start_time": 1580220480,
"stop_time": 1580220501,
"emergency": 0,
"talkgroup": 58917,
"srcList": [ {"src": 6800010, "time": 1580220480, "pos": 0.000000} ],
"freqList": [ { "freq": 851750000.000000, "time": 1580220480, "pos": 0.000000, "len": 108512.000000, "error_count": 90.000000, "spike_count": 6.000000} ]
}
