{
"freq": 8.52262e+08,
"start_time": 1580219112,
"stop_time": 1580219124,
"emergency": 0,
"talkgroup": 58916,
"srcList": [ {"src": 6818725, "time": 1580219112, "pos": 0.000000}, {"src": 6800002, "time": 1580219115, "pos": 2.484000} ],
"freqList": [ { "freq": 852262500.000000, "time": 1580219112, "pos": 0.000000, "len": 29360.000000, "error_count": 0.000000, "spike_count": 0.000000} ]
}
