{
"freq": 8.528e+08,
"start_time": 1580220424,
"stop_time": 1580220444,
"emergency": 0,
"talkgroup": 58918,
"srcList": [ {"src": 6800006, "time": 1580220424, "pos": 0.000000}, {"src": 6814415, "time": 1580220432, "pos": 2.700000}, {"src": 6800006, "time": 1580220436, "pos": 4.500000} ],
"freqList": [ { "freq": 852537500.000000, "time": 1580220424, "pos": 0.000000, "len": 0.000000, "error_count": 0.000000, "spike_count": 0.000000}, { "freq": 852800000.000000, "time": 1580220432, "pos": 2.700000, "len": 23376.000000, "error_count": 45.000000, "spike_count": 3.000000} ]
}
