{
"freq": 8.52538e+08,
"start_time": 1580221181,
"stop_time": 1580221196,
"emergency": 0,
"talkgroup": 58914,
"srcList": [ {"src": 6814007, "time": 1580221181, "pos": 0.000000}, {"src": 6800009, "time": 1580221186, "pos": 2.484000} ],
"freqList": [ { "freq": 852537500.000000, "time": 1580221181, "pos": 0.000000, "len": 41648.000000, "error_count": 90.000000, "spike_count": 6.000000} ]
}
