{
"freq": 8.52612e+08,
"start_time": 1580218942,
"stop_time": 1580218953,
"emergency": 0,
"talkgroup": 58917,
"srcList": [ {"src": 6813175, "time": 1580218942, "pos": 0.000000}, {"src": 6800005, "time": 1580218945, "pos": 1.944000} ],
"freqList": [ { "freq": 852612500.000000, "time": 1580218942, "pos": 0.000000, "len": 29680.000000, "error_count": 0.000000, "spike_count": 0.000000} ]
}
