{
"freq": 8.5235e+08,
"start_time": 1580220640,
"stop_time": 1580220648,
"emergency": 0,
"talkgroup": 58915,
"srcList": [ {"src": 6800014, "time": 1580220640, "pos": 0.000000} ],
"freqList": [ { "freq": 852350000.000000, "time": 1580220640, "pos": 0.000000, "len": 13120.000000, "error_count": 91.000000, "spike_count": 7.000000} ]
}
