{
"freq": 8.5175e+08,
"start_time": 1580220688,
"stop_time": 1580220692,
"emergency": 0,
"talkgroup": 58918,
"srcList": [ {"src": 6815092, "time": 1580220688, "pos": 0.000000} ],
"freqList": [ { "freq": 851750000.000000, "time": 1580220688, "pos": 0.000000, "len": 16736.000000, "error_count": 0.000000, "spike_count": 0.000000} ]
}
