{
"freq": 8.5175e+08,
"start_time": 1580219888,
"stop_time": 1580219901,
"emergency": 0,
"talkgroup": 58915,
"srcList": [ {"src": 6817105, "time": 1580219888, "pos": 0.000000}, {"src": 6800014, "time": 1580219892, "pos": 2.016000} ],
"freqList": [ { "freq": 851750000.000000, "time": 1580219888, "pos": 0.000000, "len": 35904.000000, "error_count": 45.000000, "spike_count": 3.000000} ]
}
