{
"freq": 8.528e+08,
"start_time": 1580221305,
"stop_time": 1580221318,
"emergency": 0,
"talkgroup": 58918,
"srcList": [ {"src": 6815015, "time": 1580221305, "pos": 0.000000}, {"src": 6800010, "time": 1580221308, "pos": 2.232000} ],
"freqList": [ { "freq": 852800000.000000, "time": 1580221305, "pos": 0.000000, "len": 41024.000000, "error_count": 90.000000, "spike_count": 6.000000} ]
}
