{
"freq": 8.52612e+08,
"start_time": 1580218890,
"stop_time": 1580218903,
"emergency": 0,
"talkgroup": 58917,
"srcList": [ {"src": 6813249, "time": 1580218890, "pos": 0.000000}, {"src": 6800005, "time": 1580218894, "pos": 2.520000} ],
"freqList": [ { "freq": 852612500.000000, "time": 1580218890, "pos": 0.000000, "len": 32976.000000, "error_count": 90.000000, "spike_count": 6.000000} ]
}
