{
"freq": 8.52538e+08,
"start_time": 1580219659,
"stop_time": 1580219666,
"emergency": 0,
"talkgroup": 58916,
"srcList": [ {"src": 6818720, "time": 1580219659, "pos": 0.000000} ],
"freqList": [ { "freq": 852537500.000000, "time": 1580219659, "pos": 0.000000, "len": 28912.000000, "error_count": 0.000000, "spike_count": 0.000000} ]
}
