{
"freq": 8.52538e+08,
"start_time": 1580220313,
"stop_time": 1580220339,
"emergency": 0,
"talkgroup": 58910,
"srcList": [ {"src": 6822583, "time": 1580220313, "pos": 0.000000}, {"src": 6800011, "time": 1580220317, "pos": 2.700000}, {"src": 6822583, "time": 1580220319, "pos": 3.852000}, {"src": 6800011, "time": 1580220327, "pos": 9.900000} ],
"freqList": [ { "freq": 852537500.000000, "time": 1580220313, "pos": 0.000000, "len": 124064.000000, "error_count": 45.000000, "spike_count": 3.000000} ]
}
