{
"freq": 8.51212e+08,
"start_time": 1580220653,
"stop_time": 1580220668,
"emergency": 0,
"talkgroup": 58918,
"srcList": [ {"src": 6815011, "time": 1580220653, "pos": 0.000000}, {"src": 6815013, "time": 1580220659, "pos": 3.636000} ],
"freqList": [ { "freq": 851212500.000000, "time": 1580220653, "pos": 0.000000, "len": 48224.000000, "error_count": 397.000000, "spike_count": 29.000000} ]
}
