{
"freq": 8.5235e+08,
"start_time": 1580220067,
"stop_time": 1580220083,
"emergency": 0,
"talkgroup": 58917,
"srcList": [ {"src": 6813109, "time": 1580220067, "pos": 0.000000}, {"src": 6800010, "time": 1580220071, "pos": 2.772000} ],
"freqList": [ { "freq": 852350000.000000, "time": 1580220067, "pos": 0.000000, "len": 60752.000000, "error_count": 369.000000, "spike_count": 31.000000} ]
}
