{
"freq": 8.531e+08,
"start_time": 1580220262,
"stop_time": 1580220274,
"emergency": 0,
"talkgroup": 58916,
"srcList": [ {"src": 6818713, "time": 1580220262, "pos": 0.000000}, {"src": 6800002, "time": 1580220265, "pos": 2.124000} ],
"freqList": [ { "freq": 853100000.000000, "time": 1580220262, "pos": 0.000000, "len": 34800.000000, "error_count": 45.000000, "spike_count": 3.000000} ]
}
