{
"freq": 8.5175e+08,
"start_time": 1580221194,
"stop_time": 1580221212,
"emergency": 0,
"talkgroup": 58915,
"srcList": [ {"src": 6817118, "time": 1580221194, "pos": 0.000000}, {"src": 6800014, "time": 1580221197, "pos": 1.944000}, {"src": 6817118, "time": 1580221199, "pos": 2.952000}, {"src": 6800014, "time": 1580221204, "pos": 5.940000} ],
"freqList": [ { "freq": 851750000.000000, "time": 1580221194, "pos": 0.000000, "len": 60512.000000, "error_count": 45.000000, "spike_count": 3.000000} ]
}
