{
"freq": 8.52612e+08,
"start_time": 1580219588,
"stop_time": 1580219616,
"emergency": 0,
"talkgroup": 58910,
"srcList": [ {"src": 6827920, "time": 1580219588, "pos": 0.000000}, {"src": 6800011, "time": 1580219591, "pos": 2.052000}, {"src": 6827920, "time": 1580219594, "pos": 3.996000} ],
"freqList": [ { "freq": 852612500.000000, "time": 1580219588, "pos": 0.000000, "len": 181792.000000, "error_count": 0.000000, "spike_count": 0.000000} ]
}
