{
"freq": 8.52112e+08,
"start_time": 1580220000,
"stop_time": 1580220015,
"emergency": 0,
"talkgroup": 58916,
"srcList": [ {"src": 6800002, "time": 1580220000, "pos": 0.000000}, {"src": 6818713, "time": 1580220005, "pos": 3.132000}, {"src": 6800002, "time": 1580220007, "pos": 4.284000} ],
"freqList": [ { "freq": 852112500.000000, "time": 1580220000, "pos": 0.000000, "len": 50448.000000, "error_count": 160.000000, "spike_count": 22.000000} ]
}
