{
"freq": 8.5235e+08,
"start_time": 1580219656,
"stop_time": 1580219666,
"emergency": 0,
"talkgroup": 58910,
"srcList": [ {"src": 6800011, "time": 1580219656, "pos": 0.000000} ],
"freqList": [ { "freq": 852350000.000000, "time": 1580219656, "pos": 0.000000, "len": 23936.000000, "error_count": 104.000000, "spike_count": 7.000000} ]
}
