{
"freq": 8.51212e+08,
"start_time": 1580219796,
"stop_time": 1580219814,
"emergency": 0,
"talkgroup": 58915,
"srcList": [ {"src": 6817098, "time": 1580219796, "pos": 0.000000}, {"src": 6800014, "time": 1580219799, "pos": 1.440000}, {"src": 6817098, "time": 1580219802, "pos": 3.420000} ],
"freqList": [ { "freq": 851212500.000000, "time": 1580219796, "pos": 0.000000, "len": 70368.000000, "error_count": 285.000000, "spike_count": 36.000000} ]
}
