{
"freq": 8.52262e+08,
"start_time": 1580219568,
"stop_time": 1580219587,
"emergency": 0,
"talkgroup": 58910,
"srcList": [ {"src": 6829636, "time": 1580219568, "pos": 0.000000}, {"src": 6800011, "time": 1580219572, "pos": 2.160000}, {"src": 6829636, "time": 1580219574, "pos": 3.348000}, {"src": 6800011, "time": 1580219577, "pos": 5.184000} ],
"freqList": [ { "freq": 852262500.000000, "time": 1580219568, "pos": 0.000000, "len": 71936.000000, "error_count": 135.000000, "spike_count": 9.000000} ]
}
