{
"freq": 8.52262e+08,
"start_time": 1580220049,
"stop_time": 1580220064,
"emergency": 0,
"talkgroup": 58914,
"srcList": [ {"src": 6814093, "time": 1580220049, "pos": 0.000000}, {"src": 6800009, "time": 1580220054, "pos": 3.564000} ],
"freqList": [ { "freq": 852262500.000000, "time": 1580220049, "pos": 0.000000, "len": 55904.000000, "error_count": 59.000000, "spike_count": 5.000000} ]
}
