{
"freq": 8.52612e+08,
"start_time": 1580221118,
"stop_time": 1580221133,
"emergency": 0,
"talkgroup": 58914,
"srcList": [ {"src": 6814071, "time": 1580221118, "pos": 0.000000}, {"src": 6800009, "time": 1580221122, "pos": 2.340000} ],
"freqList": [ { "freq": 852612500.000000, "time": 1580221118, "pos": 0.000000, "len": 44304.000000, "error_count": 0.000000, "spike_count": 0.000000} ]
}
