{
"freq": 8.52538e+08,
"start_time": 1580219310,
"stop_time": 1580219329,
"emergency": 0,
"talkgroup": 58916,
"srcList": [ {"src": 6815618, "time": 1580219310, "pos": 0.000000}, {"src": 6800002, "time": 1580219317, "pos": 3.996000}, {"src": 6815618, "time": 1580219321, "pos": 7.128000} ],
"freqList": [ { "freq": 852537500.000000, "time": 1580219310, "pos": 0.000000, "len": 79536.000000, "error_count": 1.000000, "spike_count": 1.000000} ]
}
