{
"freq": 8.5235e+08,
"start_time": 1580219174,
"stop_time": 1580219187,
"emergency": 0,
"talkgroup": 58910,
"srcList": [ {"src": 6822501, "time": 1580219174, "pos": 0.000000}, {"src": 6800011, "time": 1580219178, "pos": 2.484000} ],
"freqList": [ { "freq": 852350000.000000, "time": 1580219174, "pos": 0.000000, "len": 44192.000000, "error_count": 68.000000, "spike_count": 7.000000} ]
}
