{
"freq": 8.52262e+08,
"start_time": 1580221001,
"stop_time": 1580221015,
"emergency": 0,
"talkgroup": 58917,
"srcList": [ {"src": 6813273, "time": 1580221001, "pos": 0.000000}, {"src": 6800005, "time": 1580221007, "pos": 2.880000} ],
"freqList": [ { "freq": 852262500.000000, "time": 1580221001, "pos": 0.000000, "len": 35552.000000, "error_count": 90.000000, "spike_count": 6.000000} ]
}
