{
"freq": 8.52262e+08,
"start_time": 1580220440,
"stop_time": 1580220449,
"emergency": 0,
"talkgroup": 58915,
"srcList": [ {"src": 6817098, "time": 1580220440, "pos": 0.000000}, {"src": 6800014, "time": 1580220444, "pos": 2.160000} ],
"freqList": [ { "freq": 852262500.000000, "time": 1580220440, "pos": 0.000000, "len": 31552.000000, "error_count": 0.000000, "spike_count": 0.000000} ]
}
