{
"freq": 8.5235e+08,
"start_time": 1580221299,
"stop_time": 1580221305,
"emergency": 0,
"talkgroup": 58918,
"srcList": [ {"src": 6815015, "time": 1580221299, "pos": 0.000000}, {"src": 6800010, "time": 1580221301, "pos": 1.188000} ],
"freqList": [ { "freq": 852350000.000000, "time": 1580221299, "pos": 0.000000, "len": 26768.000000, "error_count": 118.000000, "spike_count": 8.000000} ]
}
