{
"freq": 8.52112e+08,
"start_time": 1580219434,
"stop_time": 1580219447,
"emergency": 0,
"talkgroup": 58917,
"srcList": [ {"src": 6813253, "time": 1580219434, "pos": 0.000000}, {"src": 6800005, "time": 1580219439, "pos": 3.024000} ],
"freqList": [ { "freq": 852112500.000000, "time": 1580219434, "pos": 0.000000, "len": 32912.000000, "error_count": 83.000000, "spike_count": 15.000000} ]
}
