{
"freq": 8.5235e+08,
"start_time": 1580220817,
"stop_time": 1580220836,
"emergency": 0,
"talkgroup": 58917,
"srcList": [ {"src": 6813181, "time": 1580220817, "pos": 0.000000}, {"src": 6800010, "time": 1580220820, "pos": 1.476000}, {"src": 6813181, "time": 1580220822, "pos": 2.664000}, {"src": 6800010, "time": 1580220827, "pos": 6.552000} ],
"freqList": [ { "freq": 852350000.000000, "time": 1580220817, "pos": 0.000000, "len": 71280.000000, "error_count": 104.000000, "spike_count": 10.000000} ]
}
