{
"freq": 8.51212e+08,
"start_time": 1580219461,
"stop_time": 1580219471,
"emergency": 0,
"talkgroup": 58910,
"srcList": [ {"src": 6827920, "time": 1580219461, "pos": 0.000000} ],
"freqList": [ { "freq": 851212500.000000, "time": 1580219461, "pos": 0.000000, "len": 45872.000000, "error_count": 58.000000, "spike_count": 19.000000} ]
}
