{
"freq": 8.528e+08,
"start_time": 1580220245,
"stop_time": 1580220255,
"emergency": 0,
"talkgroup": 58910,
"srcList": [ {"src": 6800011, "time": 1580220245, "pos": 0.000000} ],
"freqList": [ { "freq": 852800000.000000, "time": 1580220245, "pos": 0.000000, "len": 25488.000000, "error_count": 90.000000, "spike_count": 6.000000} ]
}
