{
"freq": 8.51212e+08,
"start_time": 1580219863,
"stop_time": 1580219880,
"emergency": 0,
"talkgroup": 58914,
"srcList": [ {"src": 6814081, "time": 1580219863, "pos": 0.000000}, {"src": 6800009, "time": 1580219870, "pos": 4.536000} ],
"freqList": [ { "freq": 851212500.000000, "time": 1580219863, "pos": 0.000000, "len": 84288.000000, "error_count": 687.000000, "spike_count": 54.000000} ]
}
