{
"freq": 8.5235e+08,
"start_time": 1580219813,
"stop_time": 1580219822,
"emergency": 0,
"talkgroup": 58918,
"srcList": [ {"src": 6800006, "time": 1580219813, "pos": 0.000000} ],
"freqList": [ { "freq": 852350000.000000, "time": 1580219813, "pos": 0.000000, "len": 13248.000000, "error_count": 1.000000, "spike_count": 1.000000} ]
}
