{
"freq": 8.5235e+08,
"start_time": 1580219538,
"stop_time": 1580219553,
"emergency": 0,
"talkgroup": 58914,
"srcList": [ {"src": 6814089, "time": 1580219538, "pos": 0.000000}, {"src": 6800009, "time": 1580219544, "pos": 3.744000} ],
"freqList": [ { "freq": 852350000.000000, "time": 1580219538, "pos": 0.000000, "len": 51680.000000, "error_count": 8.000000, "spike_count": 5.000000} ]
}
