{
"freq": 8.52538e+08,
"start_time": 1580220477,
"stop_time": 1580220484,
"emergency": 0,
"talkgroup": 58916,
"srcList": [ {"src": 6800002, "time": 1580220477, "pos": 0.000000} ],
"freqList": [ { "freq": 852537500.000000, "time": 1580220477, "pos": 0.000000, "len": 25488.000000, "error_count": 90.000000, "spike_count": 6.000000} ]
}
