{
"freq": 8.531e+08,
"start_time": 1580219749,
"stop_time": 1580219765,
"emergency": 0,
"talkgroup": 58910,
"srcList": [ {"src": 6822505, "time": 1580219749, "pos": 0.000000}, {"src": 6800011, "time": 1580219752, "pos": 1.692000} ],
"freqList": [ { "freq": 853100000.000000, "time": 1580219749, "pos": 0.000000, "len": 66992.000000, "error_count": 90.000000, "spike_count": 6.000000} ]
}
