{
"freq": 8.52612e+08,
"start_time": 1580220711,
"stop_time": 1580220723,
"emergency": 0,
"talkgroup": 58917,
"srcList": [ {"src": 6813276, "time": 1580220711, "pos": 0.000000}, {"src": 6800010, "time": 1580220712, "pos": 0.504000} ],
"freqList": [ { "freq": 852612500.000000, "time": 1580220711, "pos": 0.000000, "len": 32144.000000, "error_count": 90.000000, "spike_count": 4.000000} ]
}
