{
"freq": 8.52538e+08,
"start_time": 1580220941,
"stop_time": 1580220962,
"emergency": 0,
"talkgroup": 58917,
"srcList": [ {"src": 6813124, "time": 1580220941, "pos": 0.000000}, {"src": 6800005, "time": 1580220945, "pos": 2.340000}, {"src": 6813124, "time": 1580220946, "pos": 3.384000}, {"src": 6800005, "time": 1580220954, "pos": 8.172000} ],
"freqList": [ { "freq": 852537500.000000, "time": 1580220941, "pos": 0.000000, "len": 86704.000000, "error_count": 90.000000, "spike_count": 6.000000} ]
}
