{
"freq": 8.5175e+08,
"start_time": 1580221229,
"stop_time": 1580221240,
"emergency": 0,
"talkgroup": 58910,
"srcList": [ {"src": 6800011, "time": 1580221229, "pos": 0.000000} ],
"freqList": [ { "freq": 851750000.000000, "time": 1580221229, "pos": 0.000000, "len": 26784.000000, "error_count": 90.000000, "spike_count": 6.000000} ]
}
