{
"freq": 8.528e+08,
"start_time": 1580220529,
"stop_time": 1580220557,
"emergency": 0,
"talkgroup": 58910,
"srcList": [ {"src": 6822569, "time": 1580220529, "pos": 0.000000}, {"src": 6800011, "time": 1580220532, "pos": 2.160000}, {"src": 6822569, "time": 1580220535, "pos": 4.104000}, {"src": 6800011, "time": 1580220543, "pos": 10.116000} ],
"freqList": [ { "freq": 852800000.000000, "time": 1580220529, "pos": 0.000000, "len": 141360.000000, "error_count": 180.000000, "spike_count": 12.000000} ]
}
