{
"freq": 8.531e+08,
"start_time": 1580219564,
"stop_time": 1580219568,
"emergency": 0,
"talkgroup": 58910,
"srcList": [ {"src": 6829636, "time": 1580219564, "pos": 0.000000} ],
"freqList": [ { "freq": 853100000.000000, "time": 1580219564, "pos": 0.000000, "len": 13888.000000, "error_count": 0.000000, "spike_count": 0.000000} ]
}
