{
"freq": 8.52262e+08,
"start_time": 1580220848,
"stop_time": 1580220871,
"emergency": 0,
"talkgroup": 58917,
"srcList": [ {"src": 6813251, "time": 1580220848, "pos": 0.000000}, {"src": 6800010, "time": 1580220851, "pos": 2.016000}, {"src": 6813251, "time": 1580220854, "pos": 3.312000}, {"src": 6800010, "time": 1580220863, "pos": 10.332000} ],
"freqList": [ { "freq": 852262500.000000, "time": 1580220848, "pos": 0.000000, "len": 111248.000000, "error_count": 90.000000, "spike_count": 6.000000} ]
}
