{
"freq": 8.528e+08,
"start_time": 1580220818,
"stop_time": 1580220852,
"emergency": 0,
"talkgroup": 58914,
"srcList": [ {"src": 6814085, "time": 1580220818, "pos": 0.000000}, {"src": 6800009, "time": 1580220821, "pos": 1.440000}, {"src": 6814085, "time": 1580220843, "pos": 17.172000} ],
"freqList": [ { "freq": 852800000.000000, "time": 1580220818, "pos": 0.000000, "len": 187728.000000, "error_count": 45.000000, "spike_count": 3.000000} ]
}
