{
"freq": 8.5175e+08,
"start_time": 1580220578,
"stop_time": 1580220594,
"emergency": 0,
"talkgroup": 58915,
"srcList": [ {"src": 6800014, "time": 1580220578, "pos": 0.000000}, {"src": 6817115, "time": 1580220582, "pos": 2.520000}, {"src": 6800014, "time": 1580220586, "pos": 4.140000} ],
"freqList": [ { "freq": 851750000.000000, "time": 1580220578, "pos": 0.000000, "len": 45440.000000, "error_count": 90.000000, "spike_count": 6.000000} ]
}
