{
"freq": 8.52612e+08,
"start_time": 1580220449,
"stop_time": 1580220460,
"emergency": 0,
"talkgroup": 58915,
"srcList": [ {"src": 6817118, "time": 1580220449, "pos": 0.000000}, {"src": 6800014, "time": 1580220452, "pos": 1.908000} ],
"freqList": [ { "freq": 852612500.000000, "time": 1580220449, "pos": 0.000000, "len": 30976.000000, "error_count": 34.000000, "spike_count": 5.000000} ]
}
