{
"freq": 8.52262e+08,
"start_time": 1580219814,
"stop_time": 1580219823,
"emergency": 0,
"talkgroup": 58915,
"srcList": [ {"src": 6800014, "time": 1580219814, "pos": 0.000000} ],
"freqList": [ { "freq": 852262500.000000, "time": 1580219814, "pos": 0.000000, "len": 20240.000000, "error_count": 60.000000, "spike_count": 5.000000} ]
}
