{
"freq": 8.52825e+08,
"start_time": 1580218931,
"stop_time": 1580218941,
"emergency": 0,
"talkgroup": 58917,
"srcList": [ {"src": 6813175, "time": 1580218931, "pos": 0.000000}, {"src": 6800005, "time": 1580218933, "pos": 1.260000} ],
"freqList": [ { "freq": 852825000.000000, "time": 1580218931, "pos": 0.000000, "len": 21904.000000, "error_count": 0.000000, "spike_count": 0.000000} ]
}
