{
"freq": 8.52538e+08,
"start_time": 1580220578,
"stop_time": 1580220597,
"emergency": 0,
"talkgroup": 58918,
"srcList": [ {"src": 6815011, "time": 1580220578, "pos": 0.000000}, {"src": 6800006, "time": 1580220580, "pos": 1.188000}, {"src": 6815011, "time": 1580220582, "pos": 1.980000}, {"src": 6800006, "time": 1580220588, "pos": 6.264000} ],
"freqList": [ { "freq": 852537500.000000, "time": 1580220578, "pos": 0.000000, "len": 64144.000000, "error_count": 45.000000, "spike_count": 3.000000} ]
}
