{
"freq": 8.531e+08,
"start_time": 1580221205,
"stop_time": 1580221233,
"emergency": 0,
"talkgroup": 58918,
"srcList": [ {"src": 6815071, "time": 1580221205, "pos": 0.000000}, {"src": 6800010, "time": 1580221208, "pos": 1.620000}, {"src": 6815071, "time": 1580221211, "pos": 3.060000}, {"src": 6800010, "time": 1580221224, "pos": 11.916000} ],
"freqList": [ { "freq": 853100000.000000, "time": 1580221205, "pos": 0.000000, "len": 139472.000000, "error_count": 135.000000, "spike_count": 9.000000} ]
}
