{
"freq": 8.531e+08,
"start_time": 1580220557,
"stop_time": 1580220567,
"emergency": 0,
"talkgroup": 58914,
"srcList": [ {"src": 6814329, "time": 1580220557, "pos": 0.000000} ],
"freqList": [ { "freq": 853100000.000000, "time": 1580220557, "pos": 0.000000, "len": 23280.000000, "error_count": 0.000000, "spike_count": 0.000000} ]
}
