{
"freq": 8.52262e+08,
"start_time": 1580219281,
"stop_time": 1580219295,
"emergency": 0,
"talkgroup": 58916,
"srcList": [ {"src": 6800002, "time": 1580219281, "pos": 0.000000}, {"src": 6815618, "time": 1580219286, "pos": 2.700000} ],
"freqList": [ { "freq": 852262500.000000, "time": 1580219281, "pos": 0.000000, "len": 32768.000000, "error_count": 0.000000, "spike_count": 0.000000} ]
}
