{
"freq": 8.5235e+08,
"start_time": 1580220147,
"stop_time": 1580220153,
"emergency": 0,
"talkgroup": 58915,
"srcList": [ {"src": 6800014, "time": 1580220147, "pos": 0.000000} ],
"freqList": [ { "freq": 852350000.000000, "time": 1580220147, "pos": 0.000000, "len": 17328.000000, "error_count": 90.000000, "spike_count": 6.000000} ]
}
