{
"freq": 8.5235e+08,
"start_time": 1580220206,
"stop_time": 1580220217,
"emergency": 0,
"talkgroup": 58916,
"srcList": [ {"src": 6800002, "time": 1580220206, "pos": 0.000000} ],
"freqList": [ { "freq": 852350000.000000, "time": 1580220206, "pos": 0.000000, "len": 36368.000000, "error_count": 98.000000, "spike_count": 6.000000} ]
}
