{
"freq": 8.52112e+08,
"start_time": 1580220206,
"stop_time": 1580220243,
"emergency": 0,
"talkgroup": 58917,
"srcList": [ {"src": 6813124, "time": 1580220206, "pos": 0.000000}, {"src": 6800010, "time": 1580220210, "pos": 1.944000}, {"src": 6813124, "time": 1580220212, "pos": 3.060000}, {"src": 6800010, "time": 1580220234, "pos": 18.576000} ],
"freqList": [ { "freq": 852112500.000000, "time": 1580220206, "pos": 0.000000, "len": 203856.000000, "error_count": 169.000000, "spike_count": 45.000000} ]
}
