{
"freq": 8.52262e+08,
"start_time": 1580219357,
"stop_time": 1580219393,
"emergency": 0,
"talkgroup": 58917,
"srcList": [ {"src": 6813124, "time": 1580219357, "pos": 0.000000}, {"src": 6800005, "time": 1580219362, "pos": 3.456000}, {"src": 6813124, "time": 1580219363, "pos": 4.644000}, {"src": 6800005, "time": 1580219381, "pos": 17.496000} ],
"freqList": [ { "freq": 852262500.000000, "time": 1580219357, "pos": 0.000000, "len": 206192.000000, "error_count": 135.000000, "spike_count": 9.000000} ]
}
