{
"freq": 8.52825e+08,
"start_time": 1580220451,
"stop_time": 1580220461,
"emergency": 0,
"talkgroup": 58917,
"srcList": [ {"src": 6800010, "time": 1580220451, "pos": 0.000000} ],
"freqList": [ { "freq": 852825000.000000, "time": 1580220451, "pos": 0.000000, "len": 24000.000000, "error_count": 112.000000, "spike_count": 11.000000} ]
}
