{
"freq": 8.528e+08,
"start_time": 1580219098,
"stop_time": 1580219111,
"emergency": 0,
"talkgroup": 58910,
"srcList": [ {"src": 6800011, "time": 1580219098, "pos": 0.000000}, {"src": 6829635, "time": 1580219102, "pos": 2.376000} ],
"freqList": [ { "freq": 852800000.000000, "time": 1580219098, "pos": 0.000000, "len": 36864.000000, "error_count": 45.000000, "spike_count": 3.000000} ]
}
