{
"freq": 8.5235e+08,
"start_time": 1580220529,
"stop_time": 1580220538,
"emergency": 0,
"talkgroup": 58917,
"srcList": [ {"src": 6813254, "time": 1580220529, "pos": 0.000000} ],
"freqList": [ { "freq": 852350000.000000, "time": 1580220529, "pos": 0.000000, "len": 13888.000000, "error_count": 31.000000, "spike_count": 5.000000} ]
}
