{
"freq": 8.5175e+08,
"start_time": 1580219847,
"stop_time": 1580219860,
"emergency": 0,
"talkgroup": 58915,
"srcList": [ {"src": 6817118, "time": 1580219847, "pos": 0.000000}, {"src": 6800014, "time": 1580219851, "pos": 2.268000} ],
"freqList": [ { "freq": 851750000.000000, "time": 1580219847, "pos": 0.000000, "len": 37120.000000, "error_count": 90.000000, "spike_count": 6.000000} ]
}
