{
"freq": 8.52825e+08,
"start_time": 1580219776,
"stop_time": 1580219798,
"emergency": 0,
"talkgroup": 58910,
"srcList": [ {"src": 6822686, "time": 1580219776, "pos": 0.000000}, {"src": 6800011, "time": 1580219778, "pos": 1.512000}, {"src": 6822686, "time": 1580219780, "pos": 2.700000}, {"src": 6800011, "time": 1580219789, "pos": 9.180000} ],
"freqList": [ { "freq": 852825000.000000, "time": 1580219776, "pos": 0.000000, "len": 107648.000000, "error_count": 90.000000, "spike_count": 6.000000} ]
}
