{
"freq": 8.52538e+08,
"start_time": 1580219969,
"stop_time": 1580219992,
"emergency": 0,
"talkgroup": 58917,
"srcList": [ {"src": 6813175, "time": 1580219969, "pos": 0.000000}, {"src": 6800010, "time": 1580219971, "pos": 1.296000}, {"src": 6813175, "time": 1580219974, "pos": 2.808000}, {"src": 6800010, "time": 1580219983, "pos": 9.108000} ],
"freqList": [ { "freq": 852537500.000000, "time": 1580219969, "pos": 0.000000, "len": 102832.000000, "error_count": 90.000000, "spike_count": 6.000000} ]
}
