{
"freq": 8.531e+08,
"start_time": 1580220692,
"stop_time": 1580220700,
"emergency": 0,
"talkgroup": 58918,
"srcList": [ {"src": 6800006, "time": 1580220692, "pos": 0.000000} ],
"freqList": [ { "freq": 853100000.000000, "time": 1580220692, "pos": 0.000000, "len": 6384.000000, "error_count": 45.000000, "spike_count": 3.000000} ]
}
