{
"freq": 8.528e+08,
"start_time": 1580219620,
"stop_time": 1580219632,
"emergency": 0,
"talkgroup": 58914,
"srcList": [ {"src": 6814082, "time": 1580219620, "pos": 0.000000}, {"src": 6800009, "time": 1580219623, "pos": 2.268000} ],
"freqList": [ { "freq": 852800000.000000, "time": 1580219620, "pos": 0.000000, "len": 35568.000000, "error_count": 45.000000, "spike_count": 3.000000} ]
}
