{
"freq": 8.528e+08,
"start_time": 1580219949,
"stop_time": 1580219972,
"emergency": 0,
"talkgroup": 58916,
"srcList": [ {"src": 6800002, "time": 1580219949, "pos": 0.000000}, {"src": 6815800, "time": 1580219958, "pos": 4.500000}, {"src": 6800002, "time": 1580219964, "pos": 8.064000} ],
"freqList": [ { "freq": 852825000.000000, "time": 1580219949, "pos": 0.000000, "len": 0.000000, "error_count": 0.000000, "spike_count": 0.000000}, { "freq": 852800000.000000, "time": 1580219958, "pos": 4.500000, "len": 46512.000000, "error_count": 90.000000, "spike_count": 6.000000} ]
}
