{
"freq": 8.5235e+08,
"start_time": 1580219252,
"stop_time": 1580219267,
"emergency": 0,
"talkgroup": 58917,
"srcList": [ {"src": 6813036, "time": 1580219252, "pos": 0.000000}, {"src": 6800005, "time": 1580219259, "pos": 4.824000} ],
"freqList": [ { "freq": 852350000.000000, "time": 1580219252, "pos": 0.000000, "len": 52992.000000, "error_count": 118.000000, "spike_count": 8.000000} ]
}
