{
"freq": 8.5175e+08,
"start_time": 1580219522,
"stop_time": 1580219534,
"emergency": 0,
"talkgroup": 58917,
"srcList": [ {"src": 6813249, "time": 1580219522, "pos": 0.000000}, {"src": 6800005, "time": 1580219525, "pos": 1.620000} ],
"freqList": [ { "freq": 851750000.000000, "time": 1580219522, "pos": 0.000000, "len": 24816.000000, "error_count": 45.000000, "spike_count": 3.000000} ]
}
