{
"freq": 8.52538e+08,
"start_time": 1580219457,
"stop_time": 1580219471,
"emergency": 0,
"talkgroup": 58914,
"srcList": [ {"src": 6814096, "time": 1580219457, "pos": 0.000000}, {"src": 6800009, "time": 1580219461, "pos": 2.592000} ],
"freqList": [ { "freq": 852537500.000000, "time": 1580219457, "pos": 0.000000, "len": 45024.000000, "error_count": 45.000000, "spike_count": 3.000000} ]
}
