{
"freq": 8.5175e+08,
"start_time": 1580218991,
"stop_time": 1580219004,
"emergency": 0,
"talkgroup": 58918,
"srcList": [ {"src": 6800006, "time": 1580218991, "pos": 0.000000}, {"src": 6815071, "time": 1580218994, "pos": 1.440000}, {"src": 6800006, "time": 1580218996, "pos": 2.736000} ],
"freqList": [ { "freq": 851750000.000000, "time": 1580218991, "pos": 0.000000, "len": 33616.000000, "error_count": 90.000000, "spike_count": 6.000000} ]
}
