{
"freq": 8.52538e+08,
"start_time": 1580219364,
"stop_time": 1580219375,
"emergency": 0,
"talkgroup": 58910,
"srcList": [ {"src": 6827920, "time": 1580219364, "pos": 0.000000} ],
"freqList": [ { "freq": 852537500.000000, "time": 1580219364, "pos": 0.000000, "len": 26000.000000, "error_count": 0.000000, "spike_count": 0.000000} ]
}
