{
"freq": 8.5235e+08,
"start_time": 1580219041,
"stop_time": 1580219061,
"emergency": 0,
"talkgroup": 58910,
"srcList": [ {"src": 6822673, "time": 1580219041, "pos": 0.000000}, {"src": 6800011, "time": 1580219045, "pos": 2.700000}, {"src": 6822673, "time": 1580219048, "pos": 4.644000}, {"src": 6800011, "time": 1580219052, "pos": 7.452000} ],
"freqList": [ { "freq": 852350000.000000, "time": 1580219041, "pos": 0.000000, "len": 82368.000000, "error_count": 235.000000, "spike_count": 25.000000} ]
}
