{
"freq": 8.5175e+08,
"start_time": 1580219287,
"stop_time": 1580219307,
"emergency": 0,
"talkgroup": 58918,
"srcList": [ {"src": 6815026, "time": 1580219287, "pos": 0.000000}, {"src": 6815081, "time": 1580219295, "pos": 4.860000}, {"src": 6800006, "time": 1580219299, "pos": 7.992000} ],
"freqList": [ { "freq": 851750000.000000, "time": 1580219287, "pos": 0.000000, "len": 76064.000000, "error_count": 90.000000, "spike_count": 6.000000} ]
}
