{
"freq": 8.5175e+08,
"start_time": 1580219260,
"stop_time": 1580219266,
"emergency": 0,
"talkgroup": 58918,
"srcList": [ {"src": 6815026, "time": 1580219260, "pos": 0.000000} ],
"freqList": [ { "freq": 851750000.000000, "time": 1580219260, "pos": 0.000000, "len": 23536.000000, "error_count": 0.000000, "spike_count": 0.000000} ]
}
