{
"freq": 8.52612e+08,
"start_time": 1580220786,
"stop_time": 1580220809,
"emergency": 0,
"talkgroup": 58917,
"srcList": [ {"src": 6813249, "time": 1580220786, "pos": 0.000000}, {"src": 6800010, "time": 1580220788, "pos": 1.584000}, {"src": 6813249, "time": 1580220791, "pos": 2.880000}, {"src": 6800010, "time": 1580220800, "pos": 9.216000} ],
"freqList": [ { "freq": 852612500.000000, "time": 1580220786, "pos": 0.000000, "len": 107296.000000, "error_count": 135.000000, "spike_count": 9.000000} ]
}
