{
"freq": 8.52825e+08,
"start_time": 1580219807,
"stop_time": 1580219814,
"emergency": 0,
"talkgroup": 58916,
"srcList": [ {"src": 6815800, "time": 1580219807, "pos": 0.000000} ],
"freqList": [ { "freq": 852825000.000000, "time": 1580219807, "pos": 0.000000, "len": 17968.000000, "error_count": 0.000000, "spike_count": 0.000000} ]
}
