{
"freq": 8.5175e+08,
"start_time": 1580219333,
"stop_time": 1580219337,
"emergency": 0,
"talkgroup": 58917,
"srcList": [ {"src": 6813109, "time": 1580219333, "pos": 0.000000} ],
"freqList": [ { "freq": 851750000.000000, "time": 1580219333, "pos": 0.000000, "len": 13952.000000, "error_count": 0.000000, "spike_count": 0.000000} ]
}
