{
"freq": 8.52112e+08,
"start_time": 1580219621,
"stop_time": 1580219632,
"emergency": 0,
"talkgroup": 58918,
"srcList": [ {"src": 6815013, "time": 1580219621, "pos": 0.000000}, {"src": 6800006, "time": 1580219625, "pos": 1.728000} ],
"freqList": [ { "freq": 852112500.000000, "time": 1580219621, "pos": 0.000000, "len": 26448.000000, "error_count": 8.000000, "spike_count": 3.000000} ]
}
