{
"freq": 8.531e+08,
"start_time": 1580219419,
"stop_time": 1580219461,
"emergency": 0,
"talkgroup": 58910,
"srcList": [ {"src": 6827920, "time": 1580219419, "pos": 0.000000}, {"src": 6800011, "time": 1580219423, "pos": 2.484000}, {"src": 6827920, "time": 1580219425, "pos": 4.248000}, {"src": 6800011, "time": 1580219429, "pos": 6.444000} ],
"freqList": [ { "freq": 853100000.000000, "time": 1580219419, "pos": 0.000000, "len": 282992.000000, "error_count": 135.000000, "spike_count": 9.000000} ]
}
