{
"freq": 8.51212e+08,
"start_time": 1580219073,
"stop_time": 1580219088,
"emergency": 0,
"talkgroup": 58916,
"srcList": [ {"src": 6818722, "time": 1580219073, "pos": 0.000000}, {"src": 6800002, "time": 1580219080, "pos": 1.980000} ],
"freqList": [ { "freq": 852112500.000000, "time": 1580219073, "pos": 0.000000, "len": 0.000000, "error_count": 0.000000, "spike_count": 0.000000}, { "freq": 851212500.000000, "time": 1580219080, "pos": 1.980000, "len": 8064.000000, "error_count": 10.000000, "spike_count": 2.000000} ]
}
