{
"freq": 8.51212e+08,
"start_time": 1580220160,
"stop_time": 1580220174,
"emergency": 0,
"talkgroup": 58916,
"srcList": [ {"src": 6815618, "time": 1580220160, "pos": 0.000000}, {"src": 6800002, "time": 1580220163, "pos": 1.440000}, {"src": 6815618, "time": 1580220164, "pos": 2.340000}, {"src": 6800002, "time": 1580220169, "pos": 5.040000} ],
"freqList": [ { "freq": 851212500.000000, "time": 1580220160, "pos": 0.000000, "len": 71728.000000, "error_count": 320.000000, "spike_count": 44.000000} ]
}
