{
"freq": 8.5175e+08,
"start_time": 1580219754,
"stop_time": 1580219768,
"emergency": 0,
"talkgroup": 58917,
"srcList": [ {"src": 6813253, "time": 1580219754, "pos": 0.000000}, {"src": 6800005, "time": 1580219759, "pos": 3.672000} ],
"freqList": [ { "freq": 851750000.000000, "time": 1580219754, "pos": 0.000000, "len": 46960.000000, "error_count": 45.000000, "spike_count": 3.000000} ]
}
