{
"freq": 8.52262e+08,
"start_time": 1580219828,
"stop_time": 1580219847,
"emergency": 0,
"talkgroup": 58915,
"srcList": [ {"src": 6817110, "time": 1580219828, "pos": 0.000000}, {"src": 6800014, "time": 1580219832, "pos": 2.160000} ],
"freqList": [ { "freq": 851750000.000000, "time": 1580219828, "pos": 0.000000, "len": 0.000000, "error_count": 0.000000, "spike_count": 0.000000}, { "freq": 852262500.000000, "time": 1580219838, "pos": 4.140000, "len": 17392.000000, "error_count": 45.000000, "spike_count": 3.000000} ]
}
