{
"freq": 8.52262e+08,
"start_time": 1580219721,
"stop_time": 1580219749,
"emergency": 0,
"talkgroup": 58910,
"srcList": [ {"src": 6822505, "time": 1580219721, "pos": 0.000000}, {"src": 6800011, "time": 1580219726, "pos": 3.672000}, {"src": 6822505, "time": 1580219729, "pos": 5.940000}, {"src": 6800011, "time": 1580219738, "pos": 12.312000} ],
"freqList": [ { "freq": 852262500.000000, "time": 1580219721, "pos": 0.000000, "len": 138992.000000, "error_count": 120.000000, "spike_count": 9.000000} ]
}
