{
"freq": 8.52262e+08,
"start_time": 1580219666,
"stop_time": 1580219690,
"emergency": 0,
"talkgroup": 58916,
"srcList": [ {"src": 6800002, "time": 1580219666, "pos": 0.000000}, {"src": 6818720, "time": 1580219669, "pos": 1.260000}, {"src": 6800002, "time": 1580219682, "pos": 10.296000} ],
"freqList": [ { "freq": 852262500.000000, "time": 1580219666, "pos": 0.000000, "len": 115024.000000, "error_count": 180.000000, "spike_count": 12.000000} ]
}
