{
"freq": 8.51212e+08,
"start_time": 1580220208,
"stop_time": 1580220224,
"emergency": 0,
"talkgroup": 58910,
"srcList": [ {"src": 6800011, "time": 1580220208, "pos": 0.000000}, {"src": 6822686, "time": 1580220213, "pos": 3.528000} ],
"freqList": [ { "freq": 851212500.000000, "time": 1580220208, "pos": 0.000000, "len": 51680.000000, "error_count": 181.000000, "spike_count": 23.000000} ]
}
