{
"freq": 8.52538e+08,
"start_time": 1580220612,
"stop_time": 1580220625,
"emergency": 0,
"talkgroup": 58917,
"srcList": [ {"src": 6813168, "time": 1580220612, "pos": 0.000000}, {"src": 6800010, "time": 1580220616, "pos": 2.592000} ],
"freqList": [ { "freq": 852537500.000000, "time": 1580220612, "pos": 0.000000, "len": 39648.000000, "error_count": 90.000000, "spike_count": 6.000000} ]
}
