{
"freq": 8.52825e+08,
"start_time": 1580219457,
"stop_time": 1580219470,
"emergency": 0,
"talkgroup": 58917,
"srcList": [ {"src": 6813073, "time": 1580219457, "pos": 0.000000}, {"src": 6800005, "time": 1580219461, "pos": 2.772000} ],
"freqList": [ { "freq": 852825000.000000, "time": 1580219457, "pos": 0.000000, "len": 33760.000000, "error_count": 90.000000, "spike_count": 6.000000} ]
}
