{
"freq": 8.52112e+08,
"start_time": 1580220795,
"stop_time": 1580220805,
"emergency": 0,
"talkgroup": 58910,
"srcList": [ {"src": 6822686, "time": 1580220795, "pos": 0.000000} ],
"freqList": [ { "freq": 852112500.000000, "time": 1580220795, "pos": 0.000000, "len": 20688.000000, "error_count": 11.000000, "spike_count": 9.000000} ]
}
