{
"freq": 8.5175e+08,
"start_time": 1580220527,
"stop_time": 1580220542,
"emergency": 0,
"talkgroup": 58914,
"srcList": [ {"src": 6814071, "time": 1580220527, "pos": 0.000000}, {"src": 6800009, "time": 1580220532, "pos": 2.160000} ],
"freqList": [ { "freq": 851750000.000000, "time": 1580220527, "pos": 0.000000, "len": 41248.000000, "error_count": 45.000000, "spike_count": 3.000000} ]
}
