{
"freq": 8.5235e+08,
"start_time": 1580221340,
"stop_time": 1580221377,
"emergency": 0,
"talkgroup": 58914,
"srcList": [ {"src": 6800009, "time": 1580221340, "pos": 0.000000}, {"src": 6814326, "time": 1580221345, "pos": 2.916000}, {"src": 6800009, "time": 1580221348, "pos": 4.860000}, {"src": 6814326, "time": 1580221366, "pos": 18.360000} ],
"freqList": [ { "freq": 852350000.000000, "time": 1580221340, "pos": 0.000000, "len": 200208.000000, "error_count": 224.000000, "spike_count": 20.000000} ]
}
