{
"freq": 8.52825e+08,
"start_time": 1580220628,
"stop_time": 1580220640,
"emergency": 0,
"talkgroup": 58915,
"srcList": [ {"src": 6817098, "time": 1580220628, "pos": 0.000000}, {"src": 6800014, "time": 1580220631, "pos": 1.080000}, {"src": 6817098, "time": 1580220633, "pos": 1.944000} ],
"freqList": [ { "freq": 852825000.000000, "time": 1580220628, "pos": 0.000000, "len": 55952.000000, "error_count": 45.000000, "spike_count": 3.000000} ]
}
