{
"freq": 8.531e+08,
"start_time": 1580220174,
"stop_time": 1580220187,
"emergency": 0,
"talkgroup": 58916,
"srcList": [ {"src": 6819705, "time": 1580220174, "pos": 0.000000}, {"src": 6800002, "time": 1580220179, "pos": 3.024000} ],
"freqList": [ { "freq": 853100000.000000, "time": 1580220174, "pos": 0.000000, "len": 41536.000000, "error_count": 90.000000, "spike_count": 6.000000} ]
}
