{
"freq": 8.5235e+08,
"start_time": 1580219318,
"stop_time": 1580219337,
"emergency": 0,
"talkgroup": 58918,
"srcList": [ {"src": 6815080, "time": 1580219318, "pos": 0.000000}, {"src": 6800006, "time": 1580219321, "pos": 1.620000}, {"src": 6815080, "time": 1580219323, "pos": 2.340000}, {"src": 6800006, "time": 1580219329, "pos": 6.408000} ],
"freqList": [ { "freq": 852350000.000000, "time": 1580219318, "pos": 0.000000, "len": 69664.000000, "error_count": 90.000000, "spike_count": 6.000000} ]
}
