{
"freq": 8.531e+08,
"start_time": 1580219829,
"stop_time": 1580219857,
"emergency": 0,
"talkgroup": 58916,
"srcList": [ {"src": 6800002, "time": 1580219829, "pos": 0.000000}, {"src": 6815800, "time": 1580219833, "pos": 2.448000}, {"src": 6800002, "time": 1580219848, "pos": 12.240000} ],
"freqList": [ { "freq": 853100000.000000, "time": 1580219829, "pos": 0.000000, "len": 140464.000000, "error_count": 180.000000, "spike_count": 12.000000} ]
}
