{
"freq": 8.52825e+08,
"start_time": 1580221137,
"stop_time": 1580221154,
"emergency": 0,
"talkgroup": 58918,
"srcList": [ {"src": 6800010, "time": 1580221137, "pos": 0.000000}, {"src": 6815078, "time": 1580221144, "pos": 2.340000}, {"src": 6800010, "time": 1580221146, "pos": 3.528000} ],
"freqList": [ { "freq": 852537500.000000, "time": 1580221137, "pos": 0.000000, "len": 0.000000, "error_count": 0.000000, "spike_count": 0.000000}, { "freq": 852825000.000000, "time": 1580221144, "pos": 2.340000, "len": 24832.000000, "error_count": 0.000000, "spike_count": 0.000000} ]
}
