{
"freq": 8.52262e+08,
"start_time": 1580219953,
"stop_time": 1580219975,
"emergency": 0,
"talkgroup": 58910,
"srcList": [ {"src": 6822627, "time": 1580219953, "pos": 0.000000}, {"src": 6800011, "time": 1580219957, "pos": 3.060000}, {"src": 6822627, "time": 1580219960, "pos": 5.004000}, {"src": 6800011, "time": 1580219966, "pos": 8.280000} ],
"freqList": [ { "freq": 852262500.000000, "time": 1580219953, "pos": 0.000000, "len": 95104.000000, "error_count": 180.000000, "spike_count": 12.000000} ]
}
