{
"freq": 8.51212e+08,
"start_time": 1580220443,
"stop_time": 1580220461,
"emergency": 0,
"talkgroup": 58910,
"srcList": [ {"src": 6829636, "time": 1580220443, "pos": 0.000000}, {"src": 6800011, "time": 1580220446, "pos": 1.620000}, {"src": 6829636, "time": 1580220448, "pos": 3.240000}, {"src": 6800011, "time": 1580220451, "pos": 5.076000} ],
"freqList": [ { "freq": 851212500.000000, "time": 1580220443, "pos": 0.000000, "len": 61856.000000, "error_count": 290.000000, "spike_count": 36.000000} ]
}
