{
"freq": 8.528e+08,
"start_time": 1580219716,
"stop_time": 1580219721,
"emergency": 0,
"talkgroup": 58910,
"srcList": [ {"src": 6822505, "time": 1580219716, "pos": 0.000000} ],
"freqList": [ { "freq": 852800000.000000, "time": 1580219716, "pos": 0.000000, "len": 4304.000000, "error_count": 0.000000, "spike_count": 0.000000} ]
}
