{
"freq": 8.51212e+08,
"start_time": 1580220598,
"stop_time": 1580220603,
"emergency": 0,
"talkgroup": 58916,
"srcList": [ {"src": 6818722, "time": 1580220598, "pos": 0.000000} ],
"freqList": [ { "freq": 851212500.000000, "time": 1580220598, "pos": 0.000000, "len": 19456.000000, "error_count": 21.000000, "spike_count": 5.000000} ]
}
