{
"freq": 8.528e+08,
"start_time": 1580220684,
"stop_time": 1580220696,
"emergency": 0,
"talkgroup": 58917,
"srcList": [ {"src": 6813253, "time": 1580220684, "pos": 0.000000}, {"src": 6800010, "time": 1580220687, "pos": 1.836000} ],
"freqList": [ { "freq": 852800000.000000, "time": 1580220684, "pos": 0.000000, "len": 34544.000000, "error_count": 45.000000, "spike_count": 3.000000} ]
}
