{
"freq": 8.528e+08,
"start_time": 1580220727,
"stop_time": 1580220747,
"emergency": 0,
"talkgroup": 58917,
"srcList": [ {"src": 6800010, "time": 1580220727, "pos": 0.000000}, {"src": 6813273, "time": 1580220737, "pos": 7.128000} ],
"freqList": [ { "freq": 852537500.000000, "time": 1580220727, "pos": 0.000000, "len": 0.000000, "error_count": 0.000000, "spike_count": 0.000000}, { "freq": 852800000.000000, "time": 1580220737, "pos": 7.128000, "len": 16736.000000, "error_count": 0.000000, "spike_count": 0.000000} ]
}
