{
"freq": 8.528e+08,
"start_time": 1580219229,
"stop_time": 1580219251,
"emergency": 0,
"talkgroup": 58915,
"srcList": [ {"src": 6800014, "time": 1580219229, "pos": 0.000000}, {"src": 6817110, "time": 1580219231, "pos": 0.936000}, {"src": 6800014, "time": 1580219242, "pos": 8.820000} ],
"freqList": [ { "freq": 852800000.000000, "time": 1580219229, "pos": 0.000000, "len": 96560.000000, "error_count": 180.000000, "spike_count": 12.000000} ]
}
