{
"freq": 8.531e+08,
"start_time": 1580220748,
"stop_time": 1580220759,
"emergency": 0,
"talkgroup": 58917,
"srcList": [ {"src": 6813254, "time": 1580220748, "pos": 0.000000}, {"src": 6800010, "time": 1580220750, "pos": 1.152000} ],
"freqList": [ { "freq": 853100000.000000, "time": 1580220748, "pos": 0.000000, "len": 27296.000000, "error_count": 45.000000, "spike_count": 3.000000} ]
}
